,T,St,Rt,Sx,Sy,Rx,Ry,x_0,x_1,x_2,x_3,x_4,x_5,x_6,x_7,x_8,x_9,x_10,x_11,x_12,x_13,x_14,x_15,x_16,x_17,x_18,x_19,x_20,x_21,y_0,y_1,y_2,y_3,y_4,y_5,y_6,y_7,y_8,y_9,y_10,y_11,y_12,y_13,y_14,y_15,y_16,y_17,y_18,y_19,y_20,y_21,S,R
2787,575700,0,0,-1090.0,2460.0,-3100.0,1030.0,350.0,830.0,2260.0,1900.0,830.0,2160.0,-1090.0,30.0,2700.0,-3100.0,-1240.0,910.0,2590.0,2770.0,970.0,-820.0,330.0,4890.0,2670.0,2010.0,2750.0,390.0,1650.0,-890.0,2080.0,1340.0,-2620.0,-1790.0,2460.0,3190.0,70.0,1030.0,-160.0,-1230.0,2200.0,110.0,-40.0,2240.0,2780.0,0.0,-1120.0,1360.0,1000.0,1770.0,6,9
11703,2123200,0,0,2450.0,3170.0,3560.0,3110.0,3320.0,3560.0,2640.0,2830.0,130.0,4860.0,3290.0,2450.0,2450.0,1170.0,3230.0,-150.0,1110.0,2540.0,2690.0,1120.0,3050.0,2200.0,-290.0,2840.0,-2390.0,2390.0,1320.0,3110.0,2630.0,-1000.0,-90.0,200.0,760.0,3170.0,850.0,1380.0,-20.0,-110.0,860.0,2970.0,1030.0,2410.0,1510.0,-1600.0,950.0,2880.0,480.0,-270.0,7,1
5077,2373500,0,0,-2650.0,2920.0,-4030.0,2260.0,-2450.0,-2650.0,-4030.0,110.0,-1340.0,-1980.0,-3200.0,-3530.0,-2640.0,-5030.0,-1750.0,430.0,-1610.0,-2200.0,-1260.0,-3560.0,3220.0,240.0,-2710.0,-1710.0,-2680.0,60.0,850.0,2920.0,2260.0,280.0,80.0,2650.0,-720.0,280.0,3370.0,740.0,-1750.0,1480.0,2810.0,2840.0,-1470.0,180.0,240.0,90.0,3010.0,1410.0,680.0,-430.0,1,2
5749,568500,0,0,10.0,870.0,-600.0,1860.0,1920.0,990.0,2440.0,3730.0,1020.0,1780.0,0.0,-770.0,-600.0,10.0,-240.0,-220.0,-100.0,-1140.0,-900.0,440.0,130.0,-1080.0,1940.0,-3690.0,-1110.0,300.0,820.0,3100.0,-230.0,350.0,940.0,2380.0,-2440.0,690.0,1860.0,870.0,-810.0,650.0,1350.0,1700.0,-550.0,-130.0,2350.0,940.0,-540.0,120.0,320.0,-1390.0,9,8
3140,1954600,0,0,-2890.0,3440.0,-4410.0,2850.0,-760.0,-860.0,-1980.0,-1940.0,-4410.0,550.0,670.0,690.0,-2890.0,3140.0,-2560.0,-3610.0,-5220.0,-2110.0,-3550.0,60.0,-3700.0,-1920.0,-790.0,-4150.0,-2040.0,-2680.0,1240.0,2780.0,3440.0,1370.0,2850.0,1680.0,-1620.0,290.0,3440.0,210.0,-1390.0,-890.0,-50.0,2010.0,2770.0,1110.0,850.0,2980.0,1350.0,2080.0,-430.0,1210.0,8,4
756,685500,0,0,440.0,220.0,1200.0,-1140.0,-1200.0,2580.0,-1020.0,4310.0,2100.0,-980.0,1200.0,440.0,10.0,-1100.0,1530.0,-1080.0,-170.0,780.0,-360.0,-1070.0,30.0,-1280.0,-3300.0,-1220.0,40.0,,1250.0,-390.0,-1940.0,-40.0,-1760.0,2810.0,-1140.0,220.0,-3100.0,-590.0,1800.0,330.0,-1230.0,-50.0,1100.0,-1820.0,-120.0,1190.0,-230.0,-590.0,-2160.0,,7,6
10787,280400,0,0,1760.0,1100.0,940.0,-1660.0,1000.0,940.0,-1010.0,-950.0,-410.0,2220.0,-520.0,-1450.0,3310.0,1760.0,-460.0,-1440.0,-380.0,-1340.0,-500.0,-420.0,-4100.0,-110.0,920.0,-1380.0,720.0,-1260.0,2870.0,-1660.0,3140.0,280.0,-320.0,-30.0,-2960.0,540.0,670.0,1100.0,1580.0,-1190.0,120.0,-30.0,-1230.0,1420.0,50.0,2200.0,1630.0,830.0,40.0,1870.0,9,1
9657,2735600,0,0,-1570.0,2600.0,-2100.0,2240.0,-210.0,-1210.0,-410.0,-1570.0,-1700.0,410.0,2810.0,290.0,-420.0,-2310.0,-2100.0,-4720.0,-2880.0,-1910.0,-2400.0,190.0,-1080.0,-1670.0,-80.0,-2310.0,-2380.0,-1160.0,1540.0,2170.0,2570.0,2600.0,800.0,470.0,520.0,1630.0,-420.0,2850.0,2240.0,120.0,1450.0,1880.0,2780.0,1520.0,2220.0,2500.0,770.0,270.0,2330.0,2710.0,3,10
4567,67500,0,0,-1240.0,-2460.0,-1390.0,740.0,470.0,1000.0,2660.0,2060.0,340.0,2190.0,1370.0,1070.0,-1390.0,-2950.0,-1240.0,2580.0,1390.0,2460.0,1420.0,2800.0,1450.0,4770.0,-330.0,2240.0,0.0,1220.0,-2230.0,120.0,-280.0,840.0,-3380.0,-2820.0,-1900.0,2490.0,740.0,-400.0,-2460.0,780.0,-1460.0,-540.0,-250.0,-2880.0,-2890.0,-290.0,-2210.0,-1630.0,-1050.0,-1000.0,10,8
1512,1720900,0,0,2450.0,-1810.0,1660.0,-2520.0,1680.0,2320.0,350.0,1500.0,-50.0,2600.0,1660.0,2450.0,-620.0,4560.0,-160.0,-860.0,2210.0,1750.0,-3260.0,750.0,-280.0,1990.0,-780.0,-610.0,2440.0,520.0,-1120.0,-2880.0,-1320.0,1050.0,-3060.0,-270.0,-2520.0,-1810.0,-1880.0,-520.0,1610.0,-1940.0,-2430.0,-760.0,-210.0,-720.0,-3240.0,440.0,-1330.0,660.0,-3020.0,-1530.0,7,6
11924,2681100,0,0,-850.0,-710.0,-3210.0,-40.0,-850.0,-3210.0,1000.0,110.0,2290.0,2730.0,-100.0,1480.0,-320.0,2290.0,280.0,1420.0,470.0,2490.0,1590.0,2560.0,2490.0,2650.0,4470.0,870.0,-140.0,,-710.0,-40.0,-1110.0,2170.0,2340.0,-370.0,-1070.0,-740.0,1150.0,-1980.0,360.0,-600.0,-1170.0,1520.0,240.0,160.0,-1780.0,-460.0,-90.0,1490.0,-390.0,,0,1
10536,403900,0,0,-1250.0,-3340.0,450.0,-3050.0,650.0,-300.0,-1250.0,1580.0,70.0,930.0,-1480.0,-10.0,-3450.0,-1690.0,450.0,-10.0,4250.0,1640.0,-600.0,870.0,1700.0,370.0,20.0,1270.0,280.0,650.0,-1220.0,750.0,-3340.0,-1300.0,-2030.0,1550.0,910.0,2860.0,-400.0,-1270.0,-3050.0,-110.0,-170.0,-10.0,-2670.0,-200.0,-1030.0,-1880.0,-1420.0,1650.0,2210.0,-2890.0,2,10
3623,1410400,0,0,-1670.0,-2280.0,-3080.0,-3230.0,-3620.0,-1390.0,2020.0,-3510.0,-2680.0,-1670.0,-3820.0,-3850.0,-3850.0,-1090.0,-3080.0,-3680.0,-2220.0,-3890.0,-3460.0,-3780.0,-2760.0,-3870.0,-3780.0,-4820.0,-4000.0,-3300.0,-540.0,-300.0,10.0,-180.0,-1660.0,-2280.0,700.0,80.0,370.0,1220.0,-3230.0,580.0,-1970.0,-260.0,-1230.0,-780.0,60.0,-1790.0,320.0,-70.0,-60.0,1280.0,5,10
4395,820500,0,0,-4090.0,-240.0,-3060.0,1280.0,730.0,-3060.0,-4090.0,-1330.0,250.0,-1220.0,760.0,-1760.0,-2150.0,-1470.0,-350.0,760.0,-780.0,-120.0,-1560.0,-1240.0,810.0,850.0,900.0,-2950.0,3170.0,-1650.0,-1510.0,1280.0,-240.0,-1330.0,300.0,300.0,1680.0,-2170.0,-510.0,2320.0,-1500.0,1630.0,80.0,1670.0,1760.0,-910.0,410.0,-1610.0,-780.0,210.0,70.0,-1580.0,2,1
1443,781300,0,0,-40.0,-110.0,490.0,110.0,490.0,850.0,1210.0,-40.0,-50.0,1820.0,1270.0,20.0,3890.0,1700.0,-110.0,-1600.0,-880.0,-1750.0,-470.0,-960.0,-5100.0,-550.0,-180.0,-1820.0,140.0,-1660.0,110.0,-280.0,2050.0,-110.0,-1520.0,-510.0,-2270.0,20.0,20.0,630.0,1730.0,-1010.0,-40.0,-220.0,-1970.0,320.0,-100.0,1290.0,-1020.0,550.0,650.0,1620.0,3,0
5983,348100,0,0,830.0,2040.0,1360.0,2370.0,1810.0,-370.0,2130.0,-3770.0,-270.0,2250.0,830.0,1330.0,1360.0,2790.0,110.0,2130.0,2360.0,-360.0,1100.0,3280.0,3420.0,3150.0,3820.0,2930.0,1240.0,250.0,-1380.0,-10.0,590.0,120.0,1590.0,-610.0,2040.0,-900.0,2370.0,1030.0,-890.0,-1050.0,100.0,290.0,-2060.0,2210.0,-180.0,-1150.0,510.0,760.0,-220.0,2250.0,6,8
7666,1308900,0,0,-1640.0,2970.0,-2630.0,2330.0,-2060.0,-960.0,-2950.0,-2550.0,-1640.0,380.0,-890.0,2620.0,180.0,-1560.0,-2630.0,-3130.0,250.0,-1090.0,-5000.0,-2770.0,-1710.0,-1950.0,-1910.0,-2770.0,-140.0,-3140.0,660.0,2380.0,640.0,-1570.0,2970.0,-100.0,-1810.0,320.0,1730.0,1480.0,2330.0,880.0,3470.0,2140.0,60.0,1830.0,-1220.0,2750.0,1560.0,2530.0,2030.0,10.0,4,10
4186,1198500,0,0,780.0,-1710.0,240.0,-300.0,1310.0,780.0,1410.0,-830.0,4060.0,-520.0,240.0,210.0,1330.0,-1100.0,1480.0,-640.0,200.0,-190.0,950.0,1180.0,-1090.0,-1210.0,1980.0,-3370.0,-1200.0,580.0,1140.0,-1710.0,-390.0,2040.0,-40.0,-1600.0,-300.0,-2490.0,-1720.0,-520.0,-2620.0,-1780.0,-1710.0,-2570.0,-2840.0,-1820.0,-140.0,870.0,-690.0,-340.0,-1110.0,620.0,1,6
4987,990400,0,0,3320.0,1560.0,3780.0,-300.0,3320.0,1960.0,3180.0,1890.0,3040.0,1020.0,4900.0,190.0,3780.0,-110.0,2240.0,40.0,2100.0,2560.0,2500.0,120.0,1860.0,1090.0,1670.0,-40.0,-3030.0,-280.0,1560.0,820.0,2090.0,2540.0,-630.0,-200.0,190.0,1850.0,-300.0,-180.0,1580.0,960.0,1400.0,490.0,2300.0,-540.0,-120.0,1090.0,2170.0,1770.0,390.0,160.0,0,8
8054,2478000,0,0,1890.0,1240.0,2240.0,-670.0,920.0,1890.0,-1270.0,1960.0,470.0,-710.0,4380.0,-1060.0,2240.0,-1330.0,1170.0,-1150.0,200.0,1540.0,-580.0,-1600.0,390.0,580.0,-1380.0,-1570.0,-3770.0,-1520.0,2990.0,1240.0,-1540.0,2650.0,-1430.0,3130.0,410.0,2470.0,-670.0,620.0,1700.0,2450.0,1710.0,2560.0,2830.0,-740.0,-650.0,800.0,2720.0,1370.0,240.0,440.0,1,8
316,1338300,0,0,3800.0,3600.0,4790.0,2830.0,2180.0,1840.0,3220.0,3000.0,3950.0,150.0,3800.0,1410.0,4080.0,-1770.0,4790.0,4320.0,4160.0,4240.0,4410.0,3380.0,5190.0,3890.0,4330.0,3420.0,1930.0,2460.0,2390.0,650.0,1510.0,-520.0,-500.0,380.0,3600.0,2350.0,20.0,810.0,2830.0,840.0,-250.0,-50.0,2490.0,-400.0,10.0,2550.0,1700.0,1400.0,1150.0,2310.0,6,10
3086,2607100,0,0,90.0,1030.0,-560.0,320.0,90.0,560.0,950.0,-560.0,1530.0,120.0,1930.0,1690.0,-610.0,3700.0,-70.0,-1050.0,-580.0,1210.0,20.0,310.0,1570.0,-4000.0,-1020.0,1200.0,690.0,-970.0,1030.0,330.0,-230.0,320.0,1500.0,-1340.0,400.0,-1210.0,910.0,140.0,1770.0,130.0,-1150.0,-2120.0,780.0,2740.0,1020.0,-30.0,790.0,290.0,1500.0,1560.0,0,3
11237,2575700,0,0,280.0,210.0,-20.0,2780.0,1060.0,-1330.0,200.0,-1220.0,-2010.0,3450.0,-350.0,-20.0,280.0,-2410.0,-2200.0,-1420.0,-860.0,-210.0,-2250.0,-1850.0,-2480.0,-1760.0,-2490.0,50.0,-4190.0,-770.0,-60.0,-2860.0,-2440.0,950.0,-1530.0,70.0,-480.0,2780.0,210.0,-220.0,1150.0,480.0,-890.0,-20.0,-1670.0,-2240.0,-510.0,1430.0,460.0,-1830.0,0.0,1160.0,8,7
9390,1693300,0,0,830.0,-2180.0,-610.0,-2330.0,1840.0,4680.0,1190.0,830.0,1910.0,-610.0,90.0,-1420.0,2220.0,-470.0,1860.0,310.0,140.0,980.0,-780.0,290.0,-1280.0,-660.0,-1320.0,1730.0,-3470.0,1360.0,2330.0,10.0,240.0,-2180.0,580.0,-2330.0,1070.0,710.0,-470.0,2120.0,1160.0,-330.0,1440.0,1580.0,-1820.0,-1470.0,-440.0,1680.0,680.0,-90.0,-190.0,1440.0,3,5
4801,428100,0,0,-1040.0,-2780.0,-1960.0,-1940.0,1210.0,-90.0,1430.0,-650.0,460.0,-1040.0,4040.0,-1490.0,1190.0,-1960.0,-1280.0,-1470.0,-1350.0,1110.0,430.0,-1840.0,-1210.0,-280.0,-770.0,-2470.0,-4490.0,-2410.0,280.0,-1290.0,-870.0,-130.0,-3100.0,-2780.0,-540.0,-2630.0,-1990.0,-1940.0,-3330.0,-2480.0,-1100.0,-1260.0,700.0,-2980.0,-2900.0,-2630.0,1440.0,-680.0,-500.0,-2180.0,5,9
8915,1238300,0,0,1090.0,2920.0,2020.0,2600.0,2890.0,4760.0,2020.0,1850.0,-440.0,2830.0,1090.0,-340.0,2690.0,2170.0,690.0,380.0,1240.0,3210.0,1840.0,-90.0,-410.0,830.0,2130.0,-2930.0,-460.0,1810.0,250.0,170.0,2600.0,260.0,1380.0,1900.0,2920.0,-1390.0,730.0,-1180.0,2400.0,220.0,-790.0,1660.0,-1470.0,-2070.0,1690.0,2870.0,920.0,160.0,70.0,2300.0,6,2
3531,196100,0,0,230.0,-900.0,-1730.0,-3350.0,-1650.0,1570.0,-1550.0,4270.0,1260.0,-1630.0,230.0,-590.0,-1730.0,-2150.0,790.0,-1310.0,-1230.0,70.0,-1490.0,-2040.0,-1910.0,-1850.0,-3900.0,-1890.0,-50.0,-1040.0,670.0,600.0,-60.0,-10.0,-1690.0,2730.0,-900.0,1190.0,-3350.0,-1130.0,2410.0,620.0,-730.0,910.0,2000.0,-1660.0,50.0,1070.0,-170.0,-460.0,-510.0,-2010.0,6,8
9465,2345400,0,0,480.0,2550.0,-130.0,3200.0,-1100.0,-830.0,560.0,-1460.0,-590.0,-2420.0,-1010.0,-2680.0,480.0,-4060.0,-130.0,630.0,-2150.0,860.0,3710.0,-110.0,-320.0,430.0,-1040.0,490.0,530.0,-1060.0,1290.0,2370.0,-2500.0,-1230.0,490.0,100.0,3280.0,2370.0,2550.0,1030.0,3200.0,-250.0,1840.0,1260.0,870.0,2800.0,1140.0,1410.0,3240.0,2760.0,2520.0,1790.0,8,10
8750,58500,0,0,1570.0,-2550.0,3000.0,-1410.0,170.0,530.0,-750.0,1570.0,1120.0,3000.0,400.0,4060.0,2500.0,670.0,-490.0,180.0,-740.0,810.0,-4040.0,-650.0,1920.0,-120.0,140.0,-510.0,1500.0,1270.0,-1840.0,-110.0,-810.0,-2550.0,2290.0,-1410.0,-2860.0,-850.0,530.0,-2220.0,1430.0,-2920.0,-1740.0,-1610.0,-300.0,-480.0,-1070.0,-1160.0,-2060.0,980.0,-1690.0,-2540.0,3,5
5164,899700,0,0,4780.0,-470.0,4580.0,-610.0,4710.0,5210.0,4580.0,-2560.0,390.0,3720.0,4440.0,4360.0,-10.0,4780.0,4770.0,4790.0,4500.0,5340.0,4650.0,4410.0,3820.0,4990.0,4610.0,4540.0,130.0,5100.0,1020.0,-3310.0,-610.0,0.0,-270.0,-2570.0,480.0,730.0,-310.0,-470.0,670.0,-870.0,1020.0,-320.0,-230.0,390.0,-1940.0,280.0,-330.0,480.0,-460.0,40.0,9,2
10019,48900,0,0,-2180.0,2570.0,-4060.0,490.0,-2380.0,-620.0,-4060.0,-1030.0,750.0,-770.0,790.0,1050.0,-2180.0,-1360.0,-150.0,-400.0,-40.0,900.0,-1540.0,-1440.0,-110.0,940.0,1110.0,2970.0,830.0,-2030.0,-870.0,3270.0,490.0,1450.0,-840.0,1950.0,3120.0,850.0,2570.0,-1930.0,-340.0,1890.0,180.0,-920.0,-50.0,1720.0,-1160.0,2630.0,430.0,600.0,960.0,2520.0,8,2
9203,2670300,0,0,-4020.0,3080.0,260.0,1160.0,-3170.0,-1860.0,260.0,-2520.0,-3180.0,-1890.0,-1530.0,-4020.0,-4330.0,-5110.0,-4180.0,-2040.0,-540.0,-2830.0,380.0,-1570.0,-3770.0,3560.0,-4520.0,270.0,-4230.0,-2270.0,360.0,-130.0,1160.0,2240.0,-1950.0,-2440.0,-1220.0,3080.0,650.0,330.0,-100.0,2480.0,-1180.0,-1960.0,1390.0,-2880.0,2870.0,-140.0,370.0,170.0,-280.0,1290.0,7,2
5860,2228000,0,0,860.0,990.0,630.0,-50.0,-1250.0,-4100.0,750.0,-660.0,1930.0,-1350.0,160.0,-580.0,-190.0,860.0,630.0,1290.0,-500.0,1550.0,110.0,2000.0,1760.0,-1070.0,4260.0,1860.0,-1360.0,-510.0,1030.0,170.0,1810.0,-1670.0,-330.0,-350.0,910.0,1800.0,1110.0,990.0,-50.0,990.0,-70.0,1870.0,1310.0,-210.0,-1580.0,1010.0,30.0,340.0,-1520.0,1410.0,9,10
6892,54100,0,0,1580.0,-3170.0,580.0,-3280.0,930.0,220.0,-690.0,580.0,1270.0,2630.0,1580.0,4270.0,2570.0,460.0,-400.0,1050.0,-620.0,1260.0,-3910.0,-460.0,2040.0,-50.0,470.0,-280.0,2260.0,240.0,-1230.0,770.0,50.0,-3280.0,2610.0,-920.0,-3170.0,-1340.0,470.0,-770.0,1830.0,-2760.0,-780.0,-550.0,-280.0,200.0,-870.0,-660.0,-1310.0,1430.0,-2030.0,-2900.0,6,3
5060,1482100,0,0,-1320.0,920.0,-220.0,3330.0,990.0,-2420.0,1010.0,-4400.0,-2180.0,1080.0,-1320.0,-370.0,-220.0,1150.0,-1810.0,240.0,520.0,-1420.0,540.0,1100.0,1340.0,1130.0,3420.0,1280.0,-1060.0,-870.0,-2040.0,-400.0,1160.0,50.0,1650.0,-2640.0,920.0,-30.0,3330.0,1240.0,-1840.0,-120.0,1110.0,3670.0,-1610.0,1410.0,-500.0,-2130.0,190.0,730.0,560.0,1600.0,6,8
5564,799200,0,0,-740.0,-2730.0,1050.0,-2030.0,-1600.0,-260.0,-1230.0,730.0,480.0,-3650.0,1050.0,-740.0,-360.0,1820.0,1700.0,1010.0,10.0,-270.0,1700.0,870.0,1730.0,1530.0,1760.0,-1170.0,3730.0,-30.0,-1640.0,1730.0,450.0,-2810.0,-430.0,-470.0,-2030.0,-2730.0,-1530.0,-50.0,-1240.0,-930.0,-1830.0,-2600.0,320.0,1020.0,-450.0,-2450.0,-1490.0,-1360.0,-460.0,-550.0,7,6
3931,2531600,0,0,2250.0,-1060.0,800.0,-3360.0,2170.0,-190.0,-40.0,3900.0,620.0,730.0,-1460.0,2250.0,800.0,-1360.0,1050.0,100.0,-400.0,650.0,280.0,-770.0,170.0,-1170.0,-1340.0,-1230.0,2020.0,-3530.0,1210.0,410.0,-1350.0,50.0,-680.0,2610.0,140.0,-1060.0,-3360.0,2720.0,0.0,-500.0,480.0,-590.0,-1760.0,-1720.0,1700.0,-690.0,2000.0,230.0,910.0,-190.0,7,8
2178,1464600,0,0,1530.0,1730.0,1690.0,-120.0,-470.0,4120.0,1530.0,-1110.0,920.0,1690.0,-130.0,-1120.0,-1090.0,-660.0,-630.0,-490.0,250.0,-1190.0,1140.0,-70.0,-570.0,-1110.0,-1190.0,-3160.0,-1160.0,-700.0,-980.0,310.0,1730.0,-1480.0,1010.0,-120.0,-1170.0,600.0,3280.0,1930.0,-3010.0,330.0,1310.0,-750.0,350.0,-750.0,2300.0,900.0,2140.0,280.0,410.0,-2180.0,2,5
11303,1207700,0,0,3150.0,1810.0,3320.0,2100.0,3650.0,3000.0,1340.0,3320.0,3150.0,3730.0,3900.0,3790.0,100.0,5270.0,2390.0,3710.0,0.0,-3220.0,3120.0,680.0,3620.0,3130.0,730.0,-10.0,3150.0,2120.0,-340.0,2310.0,1880.0,2100.0,1810.0,910.0,-430.0,370.0,990.0,-150.0,-300.0,-220.0,1170.0,0.0,-460.0,2620.0,570.0,2010.0,-1690.0,-40.0,2510.0,620.0,4,3
7808,1758000,0,0,-4280.0,30.0,-3340.0,-980.0,-4280.0,-1600.0,-4170.0,-4280.0,-3410.0,-3660.0,-380.0,-4330.0,-4630.0,-3440.0,-3340.0,-1360.0,-1620.0,-1950.0,-3680.0,-2890.0,80.0,-2580.0,130.0,-4570.0,2100.0,-4430.0,-900.0,-1100.0,990.0,30.0,-40.0,-2640.0,90.0,40.0,140.0,-2860.0,-980.0,-940.0,-2610.0,410.0,1320.0,290.0,320.0,-2470.0,-830.0,-360.0,-310.0,-640.0,3,10
11114,2676000,0,0,-3940.0,3540.0,-2430.0,2580.0,-2430.0,-2170.0,-360.0,-2900.0,-3940.0,-3920.0,-820.0,-520.0,-4340.0,1560.0,-4900.0,-4490.0,-4080.0,-2950.0,-3210.0,-3370.0,-480.0,-5080.0,-4630.0,-940.0,-3350.0,-3840.0,2580.0,950.0,860.0,670.0,3540.0,60.0,1760.0,30.0,830.0,910.0,3020.0,830.0,40.0,570.0,2370.0,2830.0,730.0,-10.0,2480.0,1830.0,1100.0,2440.0,4,0
6573,847200,0,0,250.0,2110.0,-530.0,2470.0,-1030.0,250.0,790.0,-530.0,-600.0,870.0,-1780.0,-690.0,680.0,-3870.0,-1550.0,270.0,320.0,1470.0,-910.0,-1630.0,-130.0,4660.0,1600.0,1030.0,350.0,-140.0,2130.0,2110.0,3380.0,2470.0,-1220.0,-140.0,2630.0,3100.0,1850.0,1110.0,710.0,1130.0,2770.0,1770.0,1970.0,2300.0,3070.0,-80.0,190.0,3060.0,2280.0,2160.0,1,3
5308,938000,0,0,420.0,-2290.0,760.0,-1300.0,760.0,420.0,1550.0,1880.0,1110.0,-690.0,950.0,-660.0,2660.0,-2600.0,2520.0,2330.0,130.0,2570.0,4550.0,2140.0,1950.0,1840.0,1450.0,2680.0,2660.0,760.0,-1300.0,-2290.0,-1820.0,-3000.0,850.0,-1420.0,2610.0,430.0,-250.0,-470.0,490.0,-2190.0,-140.0,-1020.0,-220.0,600.0,-2710.0,-1720.0,2140.0,750.0,-290.0,-1880.0,1,0
4506,480900,0,0,490.0,-980.0,1540.0,-320.0,950.0,170.0,-100.0,1450.0,750.0,1540.0,490.0,1410.0,-460.0,3820.0,-640.0,-650.0,-70.0,-1360.0,470.0,1450.0,-3840.0,-650.0,-1140.0,-1160.0,1270.0,690.0,230.0,-260.0,-1870.0,1220.0,1550.0,-320.0,-980.0,-1340.0,-1560.0,-310.0,-40.0,-1380.0,2380.0,1380.0,-1070.0,1220.0,-440.0,840.0,-2880.0,-560.0,-1570.0,470.0,6,5
8682,726500,0,0,-1910.0,-1370.0,-2990.0,-270.0,-2990.0,170.0,-1910.0,3640.0,-230.0,-3050.0,-1120.0,-1470.0,-2890.0,-2550.0,-810.0,-3090.0,-2480.0,-1180.0,-2770.0,-3060.0,-2020.0,-3270.0,-4780.0,-2690.0,-2230.0,,-270.0,-510.0,-1370.0,-100.0,-2320.0,1030.0,-1320.0,-220.0,-3330.0,-2020.0,1390.0,-470.0,-1980.0,-1560.0,1090.0,-2020.0,-1270.0,130.0,-290.0,-1420.0,-2960.0,,2,0
11575,2429900,0,0,490.0,-1520.0,-710.0,-1530.0,-3460.0,-1390.0,80.0,-1310.0,490.0,-4730.0,-2390.0,-450.0,1080.0,-710.0,-1670.0,460.0,-810.0,1210.0,-1420.0,860.0,-1990.0,1280.0,690.0,-2900.0,3100.0,-2730.0,-2450.0,-2890.0,-2650.0,-750.0,-1520.0,-810.0,-590.0,60.0,-630.0,-1530.0,910.0,-1780.0,-1890.0,-1470.0,360.0,0.0,-1340.0,-700.0,-2400.0,-800.0,-660.0,-2640.0,4,9
1602,975000,0,0,-90.0,-1280.0,1090.0,-1950.0,1090.0,210.0,590.0,-840.0,-90.0,1720.0,320.0,-1180.0,3440.0,1800.0,-1450.0,-910.0,-320.0,-1340.0,250.0,-90.0,-3940.0,-190.0,1130.0,-1390.0,860.0,-1510.0,-1950.0,350.0,2920.0,-630.0,-1280.0,-650.0,-3130.0,350.0,-10.0,1040.0,2010.0,-1860.0,-790.0,-410.0,-1560.0,500.0,30.0,1590.0,-1090.0,360.0,180.0,1540.0,4,0
4281,879800,0,0,1240.0,-2050.0,10.0,-2200.0,-1450.0,1640.0,10.0,4000.0,1240.0,-1300.0,250.0,-730.0,-880.0,-1520.0,920.0,-1300.0,-580.0,540.0,-830.0,-1120.0,-640.0,-1400.0,-3440.0,-1510.0,-800.0,,1030.0,600.0,-2200.0,180.0,-2050.0,3070.0,310.0,1350.0,-3460.0,-420.0,2220.0,710.0,-770.0,-1480.0,1890.0,-1980.0,50.0,1820.0,-220.0,-300.0,-2910.0,,4,2
8954,806500,0,0,-2430.0,1300.0,-1420.0,2320.0,-880.0,-4960.0,-2540.0,-1420.0,-1880.0,-1520.0,-2560.0,-1000.0,-2590.0,-1970.0,-2430.0,-680.0,-2890.0,-810.0,-2440.0,-1580.0,-1530.0,100.0,2510.0,-60.0,-1440.0,-2200.0,-140.0,-130.0,30.0,2320.0,780.0,-800.0,580.0,1240.0,-750.0,-1560.0,1300.0,1170.0,640.0,2130.0,350.0,980.0,150.0,-440.0,140.0,380.0,-2380.0,910.0,10,3
813,2862700,0,0,-270.0,-1370.0,-1050.0,-1400.0,820.0,-1450.0,640.0,-760.0,-940.0,-270.0,1100.0,-1050.0,-2820.0,3510.0,850.0,-2150.0,-740.0,-1160.0,-2420.0,-2320.0,-290.0,-1080.0,-4520.0,-120.0,-2590.0,860.0,740.0,1670.0,1190.0,690.0,2570.0,-1370.0,-280.0,-1400.0,1050.0,40.0,-110.0,-1250.0,-680.0,2020.0,50.0,2340.0,1710.0,2210.0,90.0,200.0,880.0,-440.0,5,7
6252,782700,0,0,1080.0,210.0,660.0,-190.0,410.0,660.0,1080.0,-1500.0,580.0,4140.0,-1280.0,-520.0,1540.0,-1420.0,1290.0,-700.0,-220.0,-1440.0,930.0,950.0,-1460.0,-1260.0,1440.0,-3510.0,-1440.0,680.0,2300.0,-190.0,210.0,-670.0,950.0,60.0,420.0,-780.0,-110.0,1130.0,-1110.0,-450.0,1020.0,-1120.0,160.0,-1290.0,600.0,1600.0,630.0,160.0,-110.0,2050.0,2,1
411,275400,0,0,1020.0,1820.0,-480.0,1210.0,220.0,-1240.0,-1050.0,-480.0,1020.0,1070.0,190.0,-2550.0,3360.0,1400.0,-1740.0,-2160.0,-4720.0,-60.0,-610.0,-1890.0,-2040.0,1190.0,-2010.0,-450.0,700.0,-80.0,-190.0,-680.0,180.0,1210.0,1820.0,-1150.0,-2380.0,-1170.0,170.0,590.0,-2170.0,590.0,-500.0,-1290.0,600.0,-790.0,-2720.0,2580.0,-710.0,2320.0,920.0,80.0,4,3
8840,2917400,0,0,770.0,920.0,-700.0,-1020.0,1830.0,770.0,1120.0,2640.0,-700.0,2520.0,1270.0,1730.0,-980.0,4330.0,-380.0,-1110.0,-3970.0,640.0,-610.0,3140.0,950.0,-1110.0,-1190.0,140.0,500.0,2430.0,1480.0,920.0,760.0,2510.0,-1020.0,940.0,-1220.0,40.0,800.0,-60.0,2430.0,1370.0,0.0,0.0,1730.0,2890.0,1380.0,-1410.0,390.0,2280.0,990.0,1320.0,1,4
10438,1981900,0,0,2810.0,2600.0,4720.0,120.0,1170.0,1860.0,2810.0,-290.0,2070.0,-60.0,3240.0,4720.0,2990.0,1770.0,990.0,-3600.0,2570.0,-410.0,3480.0,450.0,2610.0,1640.0,1880.0,-330.0,-500.0,2630.0,1060.0,2580.0,2600.0,130.0,920.0,-1390.0,-150.0,120.0,1060.0,-1860.0,2130.0,0.0,1910.0,180.0,1950.0,2400.0,230.0,1350.0,-1330.0,-1250.0,970.0,2620.0,2,7
11631,369000,0,0,-1960.0,940.0,-640.0,450.0,-1020.0,-1520.0,1040.0,-370.0,-2520.0,-1960.0,-2360.0,-3900.0,-2700.0,-640.0,-1290.0,-1220.0,750.0,-2400.0,3890.0,750.0,-1630.0,-330.0,-80.0,-240.0,-1750.0,130.0,1140.0,-600.0,550.0,2200.0,-1810.0,940.0,2510.0,450.0,-170.0,450.0,-1450.0,1200.0,590.0,-580.0,100.0,-570.0,1910.0,-190.0,1440.0,-1930.0,250.0,1590.0,5,9
3127,2164700,0,0,-2200.0,-1410.0,-2110.0,290.0,-500.0,-10.0,-600.0,1400.0,1190.0,810.0,-2110.0,-660.0,-4070.0,-2200.0,1310.0,1720.0,-30.0,1770.0,-440.0,4490.0,-1030.0,470.0,-200.0,1790.0,-440.0,1720.0,-1390.0,-510.0,-2150.0,-810.0,-370.0,1490.0,290.0,2060.0,-490.0,-1410.0,-2720.0,930.0,-1340.0,-310.0,700.0,-70.0,-1440.0,-450.0,-2360.0,-740.0,-1340.0,-2370.0,9,6
9818,46000,0,0,-1090.0,-20.0,-80.0,3000.0,380.0,1470.0,-1170.0,2110.0,1040.0,1810.0,-360.0,-1090.0,-80.0,-3050.0,1680.0,2180.0,2100.0,1110.0,990.0,-180.0,4300.0,2160.0,810.0,1000.0,160.0,1980.0,-1200.0,1240.0,1310.0,-660.0,-1320.0,3010.0,-2080.0,-20.0,3000.0,40.0,-2490.0,450.0,1770.0,-480.0,-1810.0,540.0,-70.0,-560.0,1640.0,250.0,-520.0,-1190.0,7,8
10256,1465300,0,0,190.0,2860.0,60.0,1690.0,60.0,-540.0,2280.0,880.0,-200.0,1610.0,1370.0,190.0,-570.0,-3430.0,-940.0,1310.0,700.0,2290.0,340.0,2290.0,630.0,4350.0,-680.0,2180.0,-820.0,770.0,1690.0,1210.0,1610.0,2550.0,-2200.0,-1210.0,1650.0,2860.0,2850.0,1100.0,0.0,2620.0,2610.0,2020.0,2900.0,-740.0,270.0,130.0,2240.0,1080.0,-110.0,2300.0,7,0
104,1391500,0,0,1680.0,250.0,1620.0,2320.0,140.0,850.0,1620.0,-1200.0,-190.0,-170.0,2170.0,3810.0,1680.0,1480.0,-830.0,750.0,-4250.0,-1170.0,370.0,-520.0,-380.0,-1170.0,1150.0,-900.0,530.0,-870.0,610.0,-1460.0,2320.0,-1490.0,-370.0,-2270.0,-1250.0,-240.0,250.0,-2980.0,2390.0,100.0,-20.0,-1120.0,1350.0,-1010.0,250.0,40.0,-1350.0,-2120.0,-2670.0,1480.0,8,2
8795,2451000,0,0,-520.0,-1920.0,10.0,-2490.0,-520.0,1830.0,1630.0,10.0,210.0,-1110.0,-300.0,1220.0,-3520.0,-1390.0,1220.0,2030.0,4440.0,1090.0,1450.0,1020.0,2160.0,-240.0,2000.0,710.0,-990.0,1020.0,-1920.0,-1740.0,2120.0,-2490.0,-3010.0,890.0,2780.0,-580.0,-120.0,-620.0,360.0,-1360.0,-90.0,-80.0,-860.0,1730.0,1660.0,700.0,170.0,-2250.0,-490.0,-1860.0,0,3
10380,1440500,0,0,-70.0,350.0,70.0,1050.0,430.0,-70.0,-1080.0,1880.0,240.0,1170.0,-370.0,-890.0,70.0,-3230.0,2410.0,1970.0,1500.0,420.0,650.0,-660.0,4250.0,2030.0,360.0,960.0,-130.0,2430.0,580.0,350.0,930.0,890.0,2040.0,2290.0,-1580.0,190.0,1050.0,170.0,-230.0,810.0,1880.0,840.0,-1280.0,980.0,80.0,450.0,2060.0,340.0,290.0,-440.0,1,8
10895,1576600,0,0,1880.0,-2970.0,2750.0,-1570.0,730.0,450.0,-470.0,-450.0,-150.0,-380.0,2750.0,1880.0,-1360.0,3840.0,2430.0,-250.0,-650.0,-1590.0,-410.0,610.0,1340.0,1810.0,-4120.0,-1380.0,-1460.0,-440.0,-370.0,-1390.0,-3290.0,1040.0,2890.0,-1610.0,-1570.0,-2970.0,-290.0,-320.0,720.0,1800.0,-2910.0,-530.0,-1970.0,-1420.0,-470.0,-2520.0,-130.0,1070.0,-1320.0,170.0,7,6
11311,2179900,0,0,3440.0,980.0,3890.0,1580.0,2520.0,20.0,3340.0,-200.0,670.0,-560.0,3890.0,-420.0,3340.0,-2910.0,3440.0,3770.0,3580.0,3800.0,3440.0,1390.0,4790.0,2790.0,4110.0,2780.0,980.0,-430.0,600.0,-900.0,-10.0,-2340.0,-1520.0,-470.0,1580.0,1070.0,-1680.0,-110.0,980.0,890.0,-410.0,0.0,820.0,-1590.0,280.0,-1940.0,1040.0,200.0,-140.0,1650.0,10,6
6653,44200,0,0,-360.0,2370.0,40.0,2070.0,-3840.0,730.0,-1220.0,-80.0,-40.0,40.0,1250.0,2090.0,-490.0,-360.0,700.0,1230.0,1030.0,1530.0,1760.0,150.0,2390.0,4230.0,2050.0,140.0,-440.0,0.0,-30.0,2450.0,1980.0,2640.0,2890.0,2070.0,1110.0,2180.0,10.0,2370.0,3090.0,1350.0,2440.0,-920.0,3000.0,2590.0,970.0,630.0,1990.0,1220.0,-370.0,2120.0,9,5
8439,472000,0,0,1460.0,2890.0,2300.0,1630.0,640.0,760.0,1240.0,-1190.0,1150.0,-540.0,1460.0,2350.0,3700.0,2300.0,-660.0,-1320.0,-940.0,-4010.0,0.0,220.0,1010.0,810.0,1640.0,-1250.0,-1120.0,-470.0,1480.0,470.0,-2290.0,1320.0,280.0,-2470.0,2890.0,220.0,830.0,1630.0,2870.0,480.0,2750.0,70.0,500.0,-560.0,1570.0,2600.0,770.0,1330.0,-1130.0,1550.0,6,9
805,1054100,0,0,3940.0,-430.0,1680.0,-1930.0,3140.0,1560.0,3420.0,1190.0,1460.0,1260.0,4120.0,3940.0,4020.0,3360.0,1680.0,1680.0,-3340.0,40.0,2120.0,3460.0,1290.0,-30.0,3840.0,1860.0,3900.0,2650.0,540.0,1650.0,850.0,1060.0,1770.0,90.0,0.0,-430.0,470.0,-1450.0,-1930.0,2290.0,-80.0,-480.0,2550.0,990.0,630.0,680.0,270.0,-930.0,-590.0,780.0,7,10
8243,69000,0,0,-2140.0,1250.0,-4450.0,190.0,-2320.0,-80.0,-4450.0,-710.0,290.0,-1430.0,510.0,710.0,-2140.0,-1810.0,-1600.0,-1110.0,-1420.0,760.0,-2550.0,-2150.0,-640.0,770.0,900.0,3090.0,640.0,-650.0,-170.0,3280.0,190.0,-270.0,-1970.0,1360.0,2500.0,880.0,1250.0,-1560.0,930.0,1180.0,900.0,-1120.0,360.0,1220.0,-700.0,2130.0,100.0,310.0,790.0,2280.0,8,2
8809,1712300,0,0,910.0,-980.0,840.0,490.0,1300.0,840.0,1900.0,-540.0,1330.0,910.0,4340.0,-200.0,2110.0,290.0,1330.0,-350.0,130.0,2070.0,1140.0,370.0,780.0,290.0,-1110.0,-1070.0,-3670.0,-1000.0,1850.0,490.0,390.0,2000.0,-1190.0,-980.0,-170.0,180.0,-610.0,-1070.0,-860.0,-100.0,500.0,-610.0,1580.0,-1130.0,-1570.0,-720.0,1460.0,440.0,-30.0,-340.0,5,1
11705,1523900,0,0,10.0,2700.0,980.0,2540.0,170.0,980.0,10.0,1700.0,-50.0,1730.0,1100.0,-850.0,-2960.0,-1190.0,2130.0,2280.0,530.0,3110.0,4320.0,1160.0,1650.0,2190.0,-380.0,1790.0,450.0,-380.0,1060.0,2540.0,2700.0,1700.0,-530.0,2870.0,3070.0,2400.0,630.0,900.0,-370.0,2990.0,-40.0,440.0,1110.0,2210.0,3240.0,-1190.0,2530.0,1330.0,2570.0,550.0,2,1
4017,894100,0,0,-2200.0,-380.0,-1240.0,-1240.0,-790.0,-2140.0,-2980.0,-2200.0,-1060.0,20.0,-970.0,-4940.0,-2590.0,-2780.0,-1240.0,-830.0,-1900.0,-1990.0,-1790.0,-1480.0,90.0,320.0,190.0,-2470.0,3030.0,520.0,1660.0,-1080.0,70.0,-380.0,170.0,-1420.0,-2310.0,-190.0,1520.0,-1090.0,-1240.0,70.0,-680.0,50.0,-1160.0,1970.0,1720.0,-1390.0,-2720.0,-1000.0,-300.0,20.0,3,10
3921,1703700,0,0,4560.0,120.0,3330.0,410.0,230.0,4130.0,990.0,4560.0,2850.0,4400.0,-530.0,3330.0,4480.0,-250.0,3740.0,80.0,2160.0,120.0,-600.0,2100.0,3400.0,-2970.0,-130.0,1840.0,4180.0,,1670.0,540.0,-460.0,120.0,2760.0,-340.0,-1020.0,410.0,-520.0,360.0,2140.0,1040.0,-110.0,2050.0,-1320.0,610.0,2110.0,180.0,250.0,-1480.0,-980.0,,3,7
593,2167300,0,0,4130.0,-1860.0,930.0,-1820.0,3550.0,3330.0,930.0,3840.0,-980.0,4280.0,4130.0,4330.0,360.0,4940.0,780.0,-220.0,2770.0,-2860.0,920.0,5040.0,4240.0,3680.0,40.0,320.0,2840.0,1140.0,-1910.0,-1030.0,-1820.0,620.0,-1120.0,-270.0,-1860.0,-1540.0,-190.0,-300.0,1630.0,-1100.0,-2140.0,-220.0,-1680.0,-1460.0,-500.0,-1970.0,-220.0,1500.0,910.0,-490.0,6,2
9607,2086600,0,0,-3340.0,860.0,-3500.0,1770.0,-3500.0,-3880.0,-3910.0,-3740.0,-1480.0,-470.0,-2340.0,-4990.0,-4000.0,-3230.0,-3340.0,-1350.0,-3140.0,-3580.0,-3990.0,-3310.0,-2650.0,50.0,-1180.0,-3620.0,2270.0,-260.0,1770.0,-320.0,680.0,710.0,710.0,1280.0,-1080.0,110.0,1060.0,90.0,860.0,380.0,1380.0,-1900.0,1230.0,2430.0,230.0,-280.0,-1410.0,440.0,140.0,1200.0,10,0
3974,2010000,0,0,-780.0,1600.0,-2600.0,2860.0,-780.0,-830.0,700.0,-2690.0,-2640.0,-2630.0,-2600.0,3700.0,-230.0,-310.0,500.0,-2010.0,-1050.0,-1810.0,-2810.0,-1780.0,-2670.0,-2580.0,-40.0,-4580.0,-2790.0,-920.0,1600.0,2900.0,-560.0,-70.0,980.0,-560.0,2860.0,80.0,-2220.0,10.0,1290.0,550.0,1510.0,-1880.0,-840.0,2380.0,930.0,1940.0,970.0,60.0,10.0,230.0,0,6
7020,310900,0,0,-1460.0,-3600.0,-120.0,-3230.0,-1460.0,-670.0,200.0,-2490.0,-790.0,-120.0,-4360.0,1900.0,-2370.0,1800.0,-850.0,1400.0,-70.0,-700.0,-1230.0,1690.0,-730.0,-280.0,890.0,2070.0,4130.0,2020.0,-3600.0,-610.0,1560.0,-2410.0,1950.0,-3230.0,-300.0,-510.0,-470.0,-3050.0,-2730.0,-2580.0,-1310.0,-2770.0,-40.0,290.0,1060.0,-830.0,-3110.0,-2240.0,-440.0,-730.0,0,5
11913,2636600,0,0,-4720.0,-820.0,-4030.0,560.0,-2520.0,-1500.0,-1120.0,-380.0,-2710.0,-4030.0,-1940.0,480.0,-4720.0,-3870.0,-290.0,610.0,3960.0,-800.0,-650.0,-1500.0,180.0,-1850.0,270.0,-110.0,-2870.0,-1860.0,-1930.0,-560.0,-990.0,-830.0,-3270.0,560.0,1960.0,-1940.0,-820.0,-2780.0,2770.0,-1700.0,-140.0,-350.0,-1320.0,1210.0,1490.0,-2420.0,-600.0,-2170.0,-2400.0,-820.0,8,5
3923,500,0,0,0.0,70.0,-60.0,-90.0,0.0,820.0,-50.0,-50.0,-60.0,0.0,2210.0,4330.0,1820.0,1280.0,60.0,10.0,-4790.0,-1900.0,-950.0,-1400.0,-2190.0,-1790.0,80.0,-1950.0,-540.0,-1750.0,70.0,-640.0,2800.0,3340.0,-90.0,-1310.0,-180.0,30.0,1160.0,-2240.0,1900.0,-810.0,20.0,-140.0,2330.0,270.0,710.0,1310.0,910.0,-1250.0,-1840.0,2200.0,0,4
7466,402100,0,0,3720.0,-1860.0,2760.0,-1130.0,3450.0,2760.0,3720.0,3500.0,710.0,3570.0,4880.0,3700.0,2420.0,2610.0,1560.0,-3470.0,3380.0,680.0,2130.0,240.0,2630.0,2710.0,3760.0,3260.0,60.0,3020.0,-70.0,-1130.0,-1860.0,340.0,-850.0,-1530.0,-260.0,-810.0,-2390.0,-2270.0,1630.0,-120.0,-10.0,-1570.0,-890.0,760.0,-2340.0,-2900.0,-740.0,-2340.0,-880.0,-1980.0,2,1
2233,627600,0,0,-3800.0,1100.0,-1860.0,2110.0,-860.0,-260.0,450.0,500.0,-2590.0,430.0,-3360.0,-1220.0,-1860.0,1110.0,-3800.0,900.0,-80.0,-1330.0,3560.0,-3140.0,830.0,-2050.0,860.0,900.0,-580.0,120.0,410.0,1750.0,650.0,2540.0,-1300.0,-2060.0,730.0,2940.0,2110.0,1050.0,1100.0,1160.0,1820.0,-600.0,80.0,750.0,2450.0,550.0,470.0,-1110.0,2650.0,810.0,10,8
5849,2416100,0,0,-380.0,540.0,-810.0,-140.0,-810.0,-130.0,-1020.0,130.0,-380.0,210.0,-2260.0,-1430.0,-4190.0,-1750.0,980.0,-800.0,4260.0,1250.0,-550.0,80.0,330.0,-580.0,-2930.0,1160.0,-1420.0,690.0,-140.0,1650.0,-1240.0,-220.0,540.0,-1140.0,1470.0,3030.0,180.0,-250.0,830.0,1230.0,110.0,210.0,-830.0,780.0,-130.0,410.0,950.0,990.0,2430.0,-900.0,4,0
4133,577700,0,0,3000.0,-2380.0,-700.0,-1680.0,1560.0,1180.0,2220.0,2100.0,-700.0,3000.0,4720.0,2510.0,550.0,-580.0,-390.0,-3590.0,2550.0,-690.0,1010.0,-600.0,1050.0,1620.0,2780.0,-470.0,-830.0,960.0,-1380.0,-190.0,-2980.0,1530.0,-1680.0,-2380.0,-750.0,-430.0,-2650.0,-2890.0,2310.0,-60.0,-2100.0,-1690.0,-760.0,1020.0,-1820.0,-2660.0,-330.0,-2690.0,-1140.0,980.0,5,4
9177,2464900,0,0,-120.0,2320.0,-640.0,2930.0,-120.0,-1770.0,-3250.0,100.0,-260.0,-640.0,1770.0,1870.0,-1300.0,-990.0,1130.0,290.0,280.0,1920.0,1350.0,-100.0,490.0,1840.0,1790.0,100.0,3930.0,100.0,2320.0,-180.0,950.0,1130.0,-1540.0,2930.0,290.0,-2260.0,2120.0,730.0,1630.0,2130.0,550.0,-1280.0,2140.0,1940.0,-1060.0,750.0,150.0,1200.0,120.0,2320.0,0,5
1931,702200,0,0,-280.0,-2590.0,-1430.0,-2790.0,-300.0,-1430.0,-1780.0,-2560.0,-2460.0,-2110.0,720.0,2570.0,320.0,-280.0,-1590.0,-1090.0,-4610.0,-2610.0,-2030.0,-2050.0,-1500.0,-2530.0,-490.0,-2210.0,-870.0,-2360.0,50.0,-2790.0,-110.0,-710.0,2790.0,-2620.0,-800.0,-220.0,310.0,-2590.0,1960.0,550.0,-180.0,-910.0,-140.0,-50.0,-2150.0,-270.0,-620.0,-2550.0,-2520.0,1530.0,9,1
3046,2519300,0,0,390.0,-2580.0,1670.0,-1930.0,1670.0,-1850.0,390.0,-4280.0,-1190.0,1990.0,-210.0,350.0,380.0,2050.0,940.0,1210.0,990.0,-1290.0,590.0,2140.0,2050.0,1900.0,4030.0,2040.0,1060.0,460.0,-1930.0,-1580.0,-2580.0,-320.0,350.0,-530.0,-70.0,-2000.0,2770.0,-1040.0,-3370.0,-2690.0,-1840.0,-620.0,-450.0,-460.0,-1610.0,-2090.0,-420.0,-800.0,860.0,-2170.0,2,0
183,2919200,0,0,-1460.0,-310.0,-1870.0,380.0,1320.0,340.0,800.0,2040.0,-1460.0,1890.0,70.0,1230.0,-1870.0,4040.0,-1480.0,-2000.0,-4430.0,-190.0,-1540.0,2850.0,50.0,-1770.0,-1620.0,-710.0,-50.0,1840.0,1150.0,380.0,140.0,2300.0,-310.0,730.0,-1750.0,-280.0,380.0,-50.0,2090.0,680.0,-60.0,-550.0,1560.0,2810.0,780.0,-510.0,-210.0,1930.0,170.0,1100.0,4,8
6472,2908300,0,0,-2000.0,-570.0,-2530.0,-2610.0,-3840.0,-110.0,-2000.0,3520.0,-3700.0,-20.0,-1430.0,-2530.0,-3790.0,-2480.0,-3600.0,-3880.0,-3410.0,-2620.0,-3600.0,-3570.0,-2380.0,-3400.0,-4980.0,-3800.0,-120.0,,100.0,1290.0,-570.0,470.0,3250.0,110.0,1700.0,-2610.0,390.0,2810.0,240.0,530.0,-440.0,1040.0,2480.0,-940.0,-470.0,1700.0,-20.0,-10.0,-60.0,,2,7
1367,912200,0,0,4110.0,2480.0,2250.0,930.0,570.0,2250.0,1390.0,2540.0,810.0,4110.0,-390.0,3930.0,-2690.0,-80.0,4090.0,4320.0,1630.0,3490.0,3600.0,4970.0,2860.0,3930.0,3800.0,0.0,3820.0,2750.0,-530.0,930.0,2290.0,-2360.0,-1180.0,2480.0,920.0,690.0,140.0,-120.0,-540.0,630.0,400.0,-1310.0,870.0,130.0,-300.0,2190.0,-650.0,130.0,60.0,1740.0,5,1
8581,186800,0,0,-2800.0,-1570.0,-3660.0,510.0,410.0,-1730.0,-3660.0,-1040.0,310.0,810.0,430.0,-4680.0,-2920.0,-2800.0,-640.0,-250.0,-510.0,-1490.0,-2120.0,810.0,-1300.0,770.0,420.0,-2670.0,3110.0,890.0,2120.0,-3150.0,510.0,730.0,480.0,130.0,-2540.0,-370.0,2540.0,-1570.0,-820.0,60.0,-1100.0,-2520.0,-1270.0,1550.0,1390.0,-770.0,-2430.0,-90.0,-380.0,90.0,9,2
8715,1171000,0,0,-1090.0,-1280.0,-1310.0,-360.0,1170.0,270.0,4140.0,-1090.0,-2330.0,-1310.0,-1190.0,-2350.0,1120.0,-530.0,-140.0,-1620.0,-600.0,-2560.0,1120.0,-100.0,620.0,-2320.0,-2080.0,-4410.0,-2610.0,-880.0,440.0,-2690.0,-310.0,-1280.0,270.0,-360.0,-1980.0,-120.0,-1550.0,1840.0,-400.0,-590.0,-350.0,540.0,-1840.0,-1460.0,-2040.0,-1570.0,-120.0,-40.0,-610.0,1210.0,3,5
962,2216500,0,0,330.0,2340.0,-30.0,2580.0,-190.0,-350.0,-30.0,1570.0,640.0,330.0,-1580.0,1280.0,-1030.0,1720.0,-3440.0,1680.0,540.0,330.0,4070.0,540.0,1350.0,-1000.0,1720.0,1650.0,-430.0,130.0,-700.0,980.0,2580.0,-1530.0,-2420.0,2340.0,-170.0,3100.0,1990.0,-460.0,350.0,1230.0,2640.0,-840.0,150.0,600.0,2310.0,1230.0,460.0,-440.0,2230.0,2050.0,5,2
7412,2008000,0,0,70.0,1570.0,-1060.0,-10.0,980.0,1220.0,-730.0,2090.0,1870.0,70.0,-240.0,-1060.0,370.0,-2780.0,2000.0,2290.0,1810.0,320.0,1930.0,480.0,4240.0,2190.0,820.0,1260.0,1020.0,2150.0,-630.0,1500.0,1400.0,950.0,370.0,1570.0,-1830.0,-10.0,3080.0,320.0,-1440.0,1170.0,2120.0,1460.0,-1350.0,-110.0,150.0,710.0,2670.0,160.0,1520.0,-230.0,5,7
6474,1415900,0,0,1170.0,2250.0,1970.0,2950.0,-190.0,2210.0,1970.0,-3000.0,2130.0,780.0,3190.0,-60.0,1170.0,3040.0,1000.0,2440.0,2150.0,1340.0,1600.0,2500.0,1380.0,3270.0,3390.0,3440.0,140.0,4760.0,-750.0,1630.0,2950.0,140.0,1010.0,-1550.0,-370.0,720.0,2250.0,-1710.0,610.0,1160.0,190.0,1010.0,2170.0,2350.0,-1360.0,780.0,-1080.0,-10.0,330.0,90.0,8,2
1674,124500,0,0,-860.0,780.0,-1330.0,2010.0,180.0,-850.0,-380.0,90.0,-950.0,0.0,2830.0,-860.0,-2030.0,-1760.0,-1330.0,-4550.0,-1000.0,-2900.0,-1480.0,-870.0,-1440.0,-1370.0,-790.0,-2160.0,-2590.0,120.0,-330.0,240.0,-1810.0,1160.0,-30.0,-890.0,10.0,780.0,-1240.0,-650.0,2010.0,-60.0,-1450.0,-1210.0,-970.0,1020.0,170.0,840.0,880.0,-1860.0,670.0,-600.0,7,10
4906,1185200,0,0,-1190.0,480.0,-530.0,1690.0,-1000.0,-530.0,820.0,1550.0,1130.0,880.0,-1190.0,40.0,-3280.0,-1900.0,1390.0,-530.0,4410.0,1610.0,330.0,680.0,1410.0,400.0,-350.0,1290.0,190.0,1310.0,-3260.0,1690.0,-3420.0,1160.0,70.0,1810.0,480.0,3330.0,-80.0,-1030.0,-2310.0,960.0,-20.0,880.0,-2370.0,660.0,-80.0,-360.0,-770.0,1860.0,2250.0,-1480.0,6,1
9167,2268300,0,0,-3480.0,320.0,-1770.0,2990.0,-3480.0,-1700.0,-1770.0,-2060.0,240.0,-3850.0,-4920.0,-4250.0,-600.0,-410.0,-550.0,3760.0,-3260.0,310.0,-1090.0,180.0,-3150.0,-1970.0,-3600.0,-510.0,320.0,-1630.0,320.0,-860.0,2990.0,-2500.0,1090.0,2120.0,210.0,-2320.0,320.0,-3080.0,2240.0,120.0,-1240.0,1040.0,230.0,-1660.0,470.0,2040.0,1680.0,2180.0,-210.0,-1680.0,0,2
9154,828100,0,0,1000.0,410.0,510.0,720.0,330.0,510.0,420.0,-1760.0,-1360.0,-190.0,1000.0,3230.0,1040.0,30.0,-1440.0,-710.0,-4680.0,-1890.0,-170.0,-1030.0,-1000.0,-1840.0,630.0,-1170.0,-40.0,-1200.0,1830.0,720.0,2580.0,1220.0,640.0,1120.0,410.0,310.0,1560.0,-1010.0,2770.0,510.0,-110.0,360.0,2500.0,1380.0,100.0,1200.0,1200.0,-770.0,-1930.0,2460.0,6,1
10969,1247600,0,0,660.0,-1490.0,990.0,-690.0,660.0,-840.0,-930.0,800.0,-850.0,0.0,-2000.0,990.0,-3910.0,-1740.0,1880.0,1790.0,680.0,20.0,1820.0,4130.0,1620.0,900.0,1780.0,-1430.0,120.0,480.0,-1490.0,-330.0,1760.0,2550.0,-2660.0,-1140.0,180.0,-690.0,-590.0,-1200.0,-1460.0,-110.0,-1430.0,-2670.0,-1080.0,-240.0,1170.0,1250.0,-1860.0,-1430.0,-1880.0,690.0,0,7
5422,970500,0,0,-990.0,1000.0,-870.0,1930.0,10.0,-870.0,1040.0,-390.0,1660.0,-990.0,-3090.0,-1410.0,1140.0,1560.0,1450.0,4190.0,-560.0,1800.0,1040.0,1730.0,600.0,550.0,-160.0,1890.0,1880.0,650.0,20.0,1930.0,3340.0,-3120.0,1060.0,1000.0,170.0,-290.0,-570.0,1570.0,-2900.0,-60.0,1140.0,760.0,1250.0,-1330.0,-20.0,2540.0,-940.0,2130.0,-60.0,-1540.0,5,1
9750,292200,0,0,520.0,-420.0,-10.0,570.0,-10.0,950.0,-900.0,420.0,-1720.0,520.0,3150.0,1350.0,-1210.0,-1070.0,-1720.0,-4090.0,60.0,-1750.0,-330.0,-1720.0,-1010.0,-620.0,550.0,-1740.0,-1800.0,-230.0,570.0,-1760.0,-3080.0,3070.0,1230.0,-420.0,-130.0,1130.0,180.0,-1120.0,3190.0,-120.0,-770.0,-720.0,580.0,1770.0,-350.0,-1940.0,-50.0,-1570.0,610.0,1470.0,5,0
11391,544000,0,0,70.0,1590.0,1390.0,1130.0,70.0,-820.0,-910.0,-2350.0,-1440.0,1390.0,-490.0,750.0,-1890.0,2930.0,-2240.0,210.0,-2140.0,-4520.0,-30.0,-2270.0,-1320.0,-290.0,-2110.0,-1920.0,-1590.0,-1070.0,1590.0,-410.0,3350.0,3040.0,2420.0,1130.0,-2290.0,-970.0,550.0,270.0,-2360.0,10.0,1340.0,70.0,1420.0,2720.0,1490.0,2450.0,-950.0,510.0,2940.0,-670.0,0,5
4262,2519500,0,0,4750.0,-50.0,4480.0,2320.0,1990.0,1400.0,1560.0,-360.0,480.0,660.0,1010.0,3810.0,4750.0,4480.0,560.0,-370.0,60.0,-2880.0,410.0,1590.0,2810.0,1670.0,3360.0,-380.0,130.0,1440.0,640.0,-290.0,-2950.0,1440.0,250.0,-1320.0,2910.0,-2100.0,-50.0,2320.0,2340.0,-470.0,1900.0,0.0,730.0,-1920.0,1140.0,1820.0,-1310.0,990.0,-1150.0,270.0,8,9
3357,292800,0,0,1060.0,-1170.0,120.0,-1550.0,1060.0,120.0,-1290.0,-1650.0,1830.0,440.0,450.0,1480.0,1700.0,4290.0,1930.0,200.0,-160.0,1280.0,-1650.0,-1300.0,380.0,-4230.0,1860.0,-1760.0,1720.0,-740.0,-1170.0,-1550.0,-910.0,1070.0,700.0,1460.0,-470.0,-2610.0,-1700.0,-150.0,-110.0,-3110.0,-190.0,2590.0,-1700.0,1290.0,-1610.0,-220.0,130.0,50.0,-3140.0,-1680.0,0,1
2132,1688000,0,0,4840.0,110.0,4040.0,-2210.0,1750.0,3000.0,160.0,2470.0,1860.0,4390.0,1730.0,4040.0,-320.0,4840.0,350.0,-40.0,50.0,-10.0,820.0,-2430.0,3180.0,780.0,1150.0,-110.0,2470.0,2420.0,-510.0,0.0,-820.0,2220.0,990.0,2070.0,-2750.0,-2210.0,-660.0,110.0,140.0,-150.0,1700.0,100.0,-1590.0,0.0,1540.0,820.0,-460.0,-1000.0,-50.0,-1360.0,9,7
7536,562800,0,0,320.0,-3100.0,-400.0,-2770.0,210.0,2050.0,1330.0,1650.0,-400.0,320.0,-1380.0,-280.0,2430.0,-3360.0,-1030.0,800.0,2350.0,2400.0,1730.0,-590.0,890.0,4730.0,2200.0,1680.0,2590.0,530.0,-1060.0,-2270.0,90.0,2270.0,-2770.0,-3100.0,860.0,2030.0,-550.0,-140.0,-1110.0,-2840.0,1080.0,-840.0,-2060.0,-1100.0,310.0,-30.0,-2510.0,-330.0,-320.0,-1110.0,5,4
1563,1115400,0,0,-890.0,2210.0,-320.0,-2000.0,-890.0,-2530.0,910.0,-3200.0,-3430.0,-3080.0,-2030.0,3750.0,-320.0,-190.0,590.0,-2720.0,-2250.0,-700.0,-960.0,-3290.0,-2100.0,-3140.0,-2060.0,440.0,-4850.0,-3190.0,2210.0,3160.0,-210.0,220.0,-390.0,-1220.0,1970.0,90.0,-2000.0,1190.0,1670.0,2600.0,730.0,1010.0,2230.0,-1010.0,-510.0,810.0,2270.0,60.0,-40.0,40.0,0,8
11057,973700,0,0,-2140.0,-1240.0,-1760.0,-320.0,-1720.0,-2880.0,-4290.0,-2140.0,-2070.0,-1640.0,190.0,-1210.0,-2900.0,-1760.0,390.0,-860.0,-1420.0,-570.0,690.0,-760.0,-2100.0,500.0,530.0,-2600.0,2960.0,-1490.0,720.0,-1830.0,-290.0,-1240.0,-2360.0,1990.0,-650.0,-2350.0,-170.0,-320.0,2830.0,0.0,-2320.0,-2380.0,1360.0,-840.0,-2320.0,-160.0,-1070.0,-340.0,-320.0,920.0,3,9
12045,681600,0,0,1030.0,-3500.0,1520.0,-2590.0,20.0,90.0,-2570.0,1520.0,2600.0,3220.0,2710.0,3770.0,-490.0,1030.0,810.0,2700.0,1710.0,3310.0,140.0,2220.0,1480.0,2940.0,4070.0,4740.0,3570.0,910.0,-1990.0,1120.0,-400.0,-2590.0,-2580.0,-1750.0,1130.0,-2790.0,-490.0,-3500.0,-480.0,-1500.0,-820.0,-2670.0,-1900.0,-3060.0,-2120.0,780.0,-2730.0,-600.0,-1130.0,1270.0,9,3
5171,1614900,0,0,-710.0,1260.0,-2070.0,1640.0,-1740.0,-4540.0,-710.0,-1740.0,1450.0,-1930.0,-1130.0,-2070.0,-1400.0,580.0,300.0,40.0,-1890.0,60.0,-320.0,-970.0,1460.0,930.0,-2220.0,3580.0,1050.0,-680.0,390.0,-70.0,1260.0,-1270.0,-1760.0,-100.0,770.0,1640.0,-320.0,2420.0,-800.0,-50.0,400.0,1960.0,1200.0,1660.0,-590.0,-1580.0,-100.0,-150.0,1260.0,-960.0,2,7
562,900,0,0,40.0,-210.0,0.0,90.0,40.0,800.0,0.0,30.0,-50.0,2490.0,500.0,-670.0,4620.0,2140.0,10.0,-2430.0,-4760.0,-1190.0,-1610.0,-920.0,-2000.0,-780.0,-2050.0,-2120.0,-20.0,-840.0,-210.0,-410.0,90.0,1800.0,3060.0,-270.0,-2380.0,3200.0,-150.0,1520.0,-1230.0,1450.0,-10.0,0.0,1100.0,-1320.0,-1240.0,2710.0,20.0,2410.0,1000.0,-50.0,0,2
2167,155600,0,0,-990.0,3500.0,-1420.0,2990.0,-910.0,-1420.0,-2600.0,-2240.0,-990.0,620.0,260.0,2590.0,770.0,-1540.0,-2160.0,-1090.0,-2650.0,-950.0,-4890.0,-2440.0,-50.0,-2330.0,-1750.0,-1870.0,340.0,-2820.0,1650.0,2990.0,1510.0,-2020.0,3500.0,930.0,-1070.0,690.0,2650.0,1020.0,3080.0,1000.0,1520.0,2180.0,110.0,2860.0,140.0,2220.0,1380.0,3200.0,2390.0,200.0,4,1
8483,1811600,0,0,4180.0,-530.0,2520.0,-2790.0,3690.0,3250.0,740.0,2580.0,130.0,3890.0,2520.0,3600.0,-620.0,4180.0,240.0,-520.0,2600.0,2680.0,-3250.0,1360.0,-60.0,3540.0,-540.0,40.0,3410.0,640.0,-1260.0,-1550.0,920.0,2080.0,-2930.0,1270.0,-2790.0,-700.0,-120.0,-530.0,3120.0,-650.0,-1170.0,1520.0,-30.0,580.0,-1730.0,500.0,-50.0,2050.0,-1750.0,-710.0,9,6
5746,289900,0,0,3410.0,1190.0,3100.0,2150.0,3100.0,2790.0,1830.0,2700.0,3510.0,3740.0,3630.0,-40.0,5000.0,3410.0,1010.0,-10.0,-3520.0,2610.0,1770.0,3300.0,490.0,3650.0,-140.0,1760.0,3460.0,3090.0,2150.0,720.0,620.0,1530.0,1410.0,520.0,-600.0,510.0,100.0,1190.0,-1910.0,1130.0,190.0,520.0,1080.0,-230.0,-1430.0,1680.0,190.0,2440.0,1040.0,1280.0,9,0
5834,1862800,0,0,2910.0,-2120.0,1170.0,-1450.0,1170.0,1200.0,1420.0,3440.0,2910.0,3510.0,4100.0,-160.0,-2130.0,40.0,4100.0,4000.0,4330.0,3110.0,5000.0,2570.0,3660.0,3940.0,10.0,3650.0,460.0,1370.0,-1450.0,970.0,1570.0,-680.0,-2120.0,1780.0,-360.0,940.0,-30.0,-270.0,1020.0,-10.0,-940.0,-1670.0,-270.0,840.0,780.0,-860.0,-20.0,-510.0,410.0,180.0,4,0
9958,1875200,0,0,-830.0,2230.0,410.0,810.0,960.0,410.0,-80.0,-830.0,-700.0,1650.0,-1100.0,3630.0,2390.0,440.0,-1570.0,1500.0,-4400.0,-1720.0,30.0,-1050.0,-500.0,-1750.0,560.0,-1020.0,210.0,-1600.0,3080.0,810.0,3160.0,2230.0,-590.0,380.0,1360.0,520.0,1850.0,-2490.0,3060.0,1080.0,80.0,690.0,2910.0,1930.0,2090.0,1540.0,3350.0,-800.0,-1450.0,2800.0,3,1
1557,76700,0,0,-1530.0,60.0,-2590.0,2860.0,-3250.0,-2590.0,130.0,-3150.0,-2790.0,-3160.0,3600.0,-1040.0,-1530.0,-650.0,-3150.0,-3210.0,-3130.0,-1850.0,-3220.0,-3250.0,-1730.0,-3380.0,-3370.0,-610.0,-5170.0,-3250.0,-2670.0,2860.0,-1130.0,-350.0,-980.0,-1710.0,0.0,-2350.0,60.0,1220.0,350.0,-1370.0,-200.0,-280.0,1240.0,-1890.0,-2380.0,210.0,1540.0,520.0,-180.0,-460.0,8,1
10224,763100,0,0,-1250.0,-790.0,-3460.0,1630.0,-3110.0,-2450.0,-630.0,-3350.0,-1250.0,-3190.0,-290.0,-3290.0,1640.0,-2490.0,-3460.0,-3350.0,-3420.0,-4910.0,-2940.0,-1920.0,-3350.0,-3270.0,-2970.0,-3500.0,-3470.0,-2660.0,510.0,-400.0,-880.0,1060.0,-790.0,-770.0,550.0,-310.0,90.0,660.0,1630.0,-50.0,1210.0,80.0,150.0,-1020.0,150.0,1470.0,640.0,620.0,-600.0,-380.0,4,10
1823,37000,0,0,-500.0,1760.0,1580.0,3100.0,-70.0,1340.0,1580.0,1190.0,2480.0,-500.0,-2870.0,-950.0,590.0,1700.0,2000.0,4520.0,60.0,2460.0,1470.0,2380.0,1280.0,800.0,-370.0,2340.0,2530.0,1420.0,-2030.0,-1940.0,3100.0,-3030.0,-100.0,1760.0,260.0,-680.0,2470.0,1540.0,-2080.0,100.0,-310.0,630.0,-190.0,-1290.0,1420.0,2400.0,1560.0,1850.0,-110.0,-1660.0,5,2
8345,1936300,0,0,4000.0,3020.0,4060.0,2220.0,1390.0,2840.0,3920.0,2470.0,4060.0,10.0,4000.0,4250.0,-1980.0,80.0,3920.0,2970.0,4100.0,4430.0,140.0,1590.0,2780.0,4180.0,5110.0,4230.0,4150.0,4340.0,-30.0,1730.0,-530.0,-1550.0,2220.0,1170.0,3020.0,170.0,750.0,490.0,-1160.0,2140.0,2700.0,190.0,1550.0,-130.0,-1370.0,3100.0,200.0,-500.0,0.0,980.0,6,4
11122,542300,0,0,960.0,-3200.0,-300.0,-540.0,1140.0,1370.0,960.0,2470.0,2450.0,2750.0,-300.0,850.0,-2230.0,-260.0,2930.0,1570.0,5010.0,2910.0,1800.0,2310.0,2990.0,2220.0,1280.0,2950.0,1860.0,2930.0,-1850.0,-100.0,-3200.0,-1790.0,-3280.0,510.0,-540.0,1860.0,-630.0,-2250.0,-2820.0,-320.0,-270.0,-230.0,-2830.0,-970.0,-1520.0,-2050.0,-1840.0,590.0,1430.0,-2640.0,2,6
3068,468900,0,0,-3340.0,2350.0,-2580.0,850.0,-2610.0,-770.0,-3340.0,190.0,610.0,-4610.0,-2580.0,-2400.0,-940.0,900.0,630.0,140.0,-1220.0,-640.0,570.0,-410.0,880.0,560.0,700.0,-2220.0,3090.0,-1840.0,-810.0,2860.0,2350.0,-2290.0,2010.0,290.0,850.0,-2430.0,-490.0,100.0,-510.0,-390.0,830.0,-1600.0,1810.0,2240.0,370.0,-2110.0,-430.0,-810.0,10.0,1370.0,2,6
9453,1417700,0,0,2580.0,920.0,2350.0,3000.0,3350.0,2350.0,1600.0,3330.0,4740.0,2830.0,3510.0,1250.0,-210.0,2580.0,740.0,1960.0,1150.0,-220.0,2060.0,930.0,2970.0,870.0,-340.0,-2490.0,-150.0,2480.0,80.0,3000.0,-500.0,-610.0,0.0,470.0,2780.0,-3040.0,1660.0,920.0,780.0,60.0,1660.0,1970.0,880.0,-580.0,620.0,2000.0,1520.0,70.0,40.0,-1380.0,9,1
4884,142500,0,0,2320.0,1230.0,2370.0,850.0,1140.0,2290.0,2370.0,2320.0,2260.0,1970.0,200.0,-130.0,-2610.0,-20.0,2450.0,2740.0,2800.0,4890.0,1320.0,2070.0,1530.0,1550.0,-160.0,2760.0,2450.0,1950.0,670.0,90.0,850.0,1230.0,-3050.0,3100.0,-1180.0,800.0,220.0,110.0,-1050.0,970.0,-1070.0,30.0,560.0,1070.0,-1480.0,-640.0,670.0,100.0,2420.0,890.0,3,2
9527,1569300,0,0,4130.0,2720.0,4330.0,1650.0,3530.0,4130.0,-530.0,1410.0,4890.0,4380.0,4260.0,5160.0,4330.0,2430.0,1010.0,4200.0,-660.0,3240.0,-4160.0,-390.0,3860.0,1060.0,2030.0,1850.0,4330.0,360.0,1160.0,2720.0,1750.0,-260.0,3090.0,450.0,-120.0,170.0,1650.0,3040.0,2640.0,-300.0,790.0,560.0,390.0,2300.0,170.0,1910.0,400.0,3110.0,2800.0,-350.0,1,8
3763,801000,0,0,1600.0,2990.0,2320.0,3300.0,1470.0,-280.0,-2940.0,760.0,1910.0,2320.0,3360.0,3230.0,290.0,960.0,1600.0,1660.0,2300.0,3490.0,2510.0,1610.0,2630.0,3220.0,3370.0,480.0,4760.0,1760.0,1820.0,960.0,410.0,-220.0,-700.0,3300.0,-60.0,-330.0,2150.0,810.0,2990.0,1890.0,1700.0,-580.0,2950.0,760.0,-670.0,830.0,0.0,2040.0,50.0,3000.0,10,5
8603,2297500,0,0,1310.0,2000.0,830.0,1940.0,-780.0,320.0,2310.0,1310.0,-20.0,830.0,1790.0,-2930.0,-540.0,2660.0,,1360.0,2460.0,1420.0,4710.0,1490.0,2490.0,1740.0,2490.0,-490.0,1480.0,1070.0,1360.0,-1450.0,-290.0,2000.0,-1810.0,1940.0,3000.0,230.0,-30.0,-770.0,,2950.0,620.0,-80.0,140.0,2990.0,-330.0,1270.0,-1410.0,970.0,1920.0,-540.0,3,5
4058,1410200,0,0,-2240.0,1840.0,-3230.0,3400.0,-3520.0,20.0,-2240.0,3490.0,-3230.0,-250.0,-2670.0,-1550.0,-3130.0,-3610.0,-1460.0,-3550.0,-2410.0,-3150.0,-3680.0,-2370.0,-3310.0,-4950.0,-3610.0,-3500.0,-1130.0,,430.0,550.0,1840.0,-50.0,3400.0,-1680.0,-1190.0,-360.0,-2760.0,-610.0,2700.0,530.0,30.0,2310.0,-840.0,1790.0,1730.0,60.0,-40.0,-2440.0,140.0,,2,4
209,196500,0,0,60.0,-2690.0,-680.0,-1820.0,720.0,-1670.0,-3280.0,-680.0,60.0,510.0,1870.0,1470.0,-1440.0,-220.0,1480.0,1080.0,-10.0,1650.0,2040.0,390.0,410.0,2040.0,1990.0,-920.0,4050.0,510.0,-1380.0,-1060.0,-280.0,-1820.0,-2690.0,2540.0,-110.0,-2250.0,870.0,-50.0,2140.0,-1140.0,-1530.0,-2280.0,1250.0,-130.0,-2350.0,-20.0,-890.0,1110.0,-220.0,1310.0,4,3
6033,1714500,0,0,690.0,1040.0,2930.0,1340.0,4750.0,-690.0,2930.0,1090.0,-260.0,690.0,880.0,-1230.0,780.0,1880.0,-610.0,-1050.0,670.0,80.0,-920.0,1660.0,-1180.0,-3410.0,-1010.0,1110.0,-160.0,400.0,410.0,2760.0,1340.0,650.0,-2580.0,1040.0,1820.0,910.0,3150.0,-1300.0,200.0,2360.0,1050.0,2690.0,-260.0,-50.0,1220.0,90.0,250.0,1410.0,-1130.0,1120.0,5,2
6348,1999300,0,0,-40.0,-1860.0,980.0,-2780.0,980.0,1110.0,980.0,1990.0,2920.0,-40.0,230.0,-480.0,2910.0,-2400.0,3030.0,3040.0,2820.0,2900.0,1690.0,1800.0,4690.0,1860.0,3170.0,1610.0,790.0,160.0,-2340.0,-390.0,-2780.0,-3360.0,-2830.0,-1860.0,1110.0,-210.0,-650.0,-630.0,1650.0,-610.0,-2860.0,-1940.0,710.0,-2810.0,-250.0,-750.0,710.0,-2530.0,-1790.0,-1530.0,5,2
11121,1273400,0,0,-3810.0,-3280.0,-3780.0,-2180.0,-3780.0,-2490.0,-4480.0,-3400.0,-2250.0,-3200.0,-520.0,-3810.0,-1540.0,-4080.0,1790.0,-4450.0,-2960.0,-3720.0,-5000.0,-3930.0,-3540.0,-1690.0,-4310.0,-4170.0,-4230.0,-3780.0,-2180.0,-2290.0,-3510.0,-10.0,150.0,-3360.0,-530.0,-3280.0,-2060.0,10.0,-380.0,-750.0,-2180.0,-180.0,-160.0,-2070.0,-3040.0,-2040.0,-30.0,240.0,-3160.0,-2980.0,7,0
9635,281000,0,0,-190.0,-1480.0,-1190.0,-1770.0,700.0,320.0,400.0,520.0,-190.0,-1190.0,2000.0,1760.0,-1100.0,4510.0,-1040.0,140.0,-1320.0,-3640.0,-190.0,-1220.0,-1250.0,1460.0,-50.0,-1150.0,-990.0,800.0,-1220.0,-470.0,-2170.0,1510.0,-1480.0,-1770.0,100.0,-1840.0,-2820.0,-480.0,510.0,-1290.0,-1720.0,-390.0,-1570.0,-2620.0,180.0,-2040.0,-2090.0,-1170.0,-1960.0,840.0,4,5
1273,947200,0,0,-370.0,1870.0,1930.0,1240.0,-320.0,860.0,1600.0,880.0,-390.0,-370.0,-770.0,1930.0,-3010.0,-1440.0,800.0,1620.0,4430.0,1020.0,1120.0,-330.0,1640.0,650.0,0.0,2100.0,1750.0,-40.0,540.0,-380.0,2840.0,2110.0,-2720.0,1870.0,3010.0,1240.0,400.0,-250.0,-2210.0,-320.0,170.0,1750.0,-40.0,-220.0,2420.0,2460.0,-1810.0,1270.0,-1350.0,1310.0,5,7
9653,2098600,0,0,-2840.0,1820.0,-990.0,2270.0,-2120.0,-2840.0,-1160.0,-1350.0,-2860.0,-1920.0,-3070.0,-2550.0,-2290.0,-990.0,-4570.0,-1020.0,-1930.0,-2300.0,2870.0,-10.0,-1670.0,-1980.0,90.0,-1110.0,-2620.0,-1050.0,140.0,1820.0,1260.0,-1480.0,-1150.0,2260.0,220.0,2860.0,1420.0,2270.0,170.0,2700.0,-80.0,-1270.0,370.0,2070.0,3370.0,1660.0,100.0,-1400.0,2090.0,690.0,1,9
1091,1149100,0,0,-890.0,-3570.0,-2150.0,-2100.0,-720.0,-1430.0,-890.0,-2620.0,-2150.0,-1210.0,-570.0,90.0,2440.0,300.0,-2330.0,-2730.0,-2520.0,-4500.0,-1550.0,-1540.0,-1180.0,-1380.0,-110.0,-2570.0,-2560.0,-1670.0,-1350.0,-2200.0,-3570.0,-1030.0,-2100.0,-2740.0,1020.0,-2190.0,-1150.0,-830.0,260.0,-1510.0,210.0,-30.0,-1480.0,-3080.0,-2160.0,740.0,-1810.0,-580.0,-2420.0,-2620.0,2,4
4187,2023900,0,0,1230.0,-1960.0,400.0,-1610.0,-1510.0,1670.0,-70.0,3740.0,-1570.0,1230.0,-1410.0,400.0,-440.0,-1450.0,540.0,-1510.0,-840.0,-1740.0,-1460.0,-630.0,-1700.0,-3730.0,-1530.0,-720.0,-80.0,,600.0,120.0,290.0,-100.0,3180.0,-1960.0,-2670.0,-1610.0,-3150.0,-720.0,2450.0,90.0,-2050.0,1860.0,-2210.0,-580.0,800.0,-370.0,-690.0,-2940.0,720.0,,5,7
10677,2533700,0,0,250.0,-10.0,-1460.0,1460.0,1330.0,720.0,250.0,280.0,-660.0,4590.0,1330.0,-1460.0,-240.0,-1860.0,1030.0,-1130.0,-500.0,-1000.0,1240.0,-230.0,530.0,-1920.0,-2080.0,-1740.0,-3850.0,350.0,-320.0,770.0,-10.0,-2650.0,-230.0,-1210.0,-710.0,1460.0,-1430.0,-420.0,-1700.0,-830.0,-180.0,-560.0,-370.0,160.0,1410.0,-1300.0,-290.0,830.0,-50.0,-2560.0,2,7
5091,971300,0,0,-1510.0,-3530.0,-2790.0,-2180.0,-1140.0,-330.0,-2220.0,1210.0,830.0,790.0,-1510.0,-2790.0,-1300.0,-4140.0,280.0,1340.0,900.0,120.0,-340.0,-1710.0,3690.0,1130.0,-100.0,150.0,-1070.0,750.0,-2190.0,-110.0,-440.0,-910.0,-1330.0,1030.0,-3530.0,-2180.0,2020.0,-1340.0,-3080.0,-460.0,790.0,-570.0,-3110.0,-510.0,-350.0,-1560.0,1970.0,-2200.0,-1930.0,-2360.0,6,7
430,2798900,0,0,300.0,-2850.0,410.0,-1890.0,840.0,410.0,300.0,1760.0,810.0,-1010.0,4260.0,-90.0,2360.0,-1380.0,740.0,-380.0,0.0,740.0,400.0,20.0,660.0,200.0,-1280.0,-1310.0,-4240.0,-1650.0,2030.0,-1890.0,-2850.0,-250.0,-3010.0,-660.0,-420.0,-2190.0,-1630.0,-2070.0,-740.0,-1950.0,-980.0,-1850.0,-440.0,-2700.0,-3080.0,-2220.0,650.0,-630.0,-430.0,-1900.0,2,1
3552,2077900,0,0,-280.0,-3210.0,-850.0,-2160.0,300.0,-480.0,-280.0,510.0,-850.0,-1530.0,1210.0,-1750.0,1060.0,-2480.0,3730.0,-2390.0,-2170.0,-2560.0,-1070.0,-4510.0,470.0,-1090.0,-960.0,-2010.0,1310.0,-300.0,-60.0,-780.0,-3210.0,1380.0,-2160.0,-80.0,-200.0,-3610.0,-1240.0,-350.0,-350.0,-1040.0,810.0,-150.0,-2990.0,-230.0,1210.0,-740.0,-1800.0,-2700.0,-280.0,-2780.0,2,4
490,23200,0,0,-4350.0,-530.0,-2960.0,370.0,-1060.0,-340.0,1020.0,-1240.0,1150.0,-2850.0,-1010.0,-2960.0,1520.0,-4350.0,580.0,1130.0,4000.0,170.0,1210.0,1010.0,-1090.0,-1460.0,-3180.0,1140.0,-740.0,380.0,-690.0,330.0,-1850.0,-2910.0,-2930.0,-2640.0,1870.0,370.0,-1020.0,-530.0,1090.0,1240.0,-70.0,150.0,-1940.0,400.0,-1680.0,-140.0,-1460.0,-620.0,980.0,-1220.0,9,7
9676,755800,0,0,970.0,900.0,-60.0,1170.0,1140.0,970.0,2310.0,1820.0,3070.0,-60.0,-2010.0,-210.0,2820.0,2320.0,3170.0,4700.0,1400.0,3060.0,1440.0,3100.0,2440.0,2220.0,360.0,3150.0,3100.0,2120.0,2190.0,900.0,2960.0,-2450.0,-160.0,1170.0,260.0,-610.0,60.0,1950.0,1780.0,70.0,1810.0,740.0,840.0,-540.0,1600.0,2650.0,-920.0,2080.0,30.0,-920.0,1,5
8900,106500,0,0,1990.0,-2040.0,1850.0,-460.0,3420.0,-40.0,3000.0,-3480.0,180.0,3460.0,1850.0,2470.0,3070.0,3700.0,1990.0,3380.0,2540.0,920.0,2050.0,3520.0,3540.0,3250.0,5060.0,3630.0,2480.0,2760.0,-690.0,-1150.0,-230.0,10.0,500.0,-3130.0,-460.0,-1770.0,2560.0,-230.0,-2040.0,-1380.0,-580.0,-980.0,-2260.0,630.0,-800.0,-2120.0,-330.0,-230.0,-1600.0,240.0,10,6
6380,2555400,0,0,650.0,-3130.0,710.0,-2370.0,560.0,710.0,1210.0,1780.0,1050.0,650.0,2100.0,1610.0,-10.0,4180.0,450.0,-360.0,-1590.0,-3180.0,1110.0,140.0,100.0,1560.0,1010.0,-1310.0,450.0,2080.0,-1390.0,-2370.0,-3070.0,1140.0,-1440.0,-3130.0,-980.0,-2210.0,-2640.0,-380.0,-180.0,-1250.0,-2450.0,-420.0,-1930.0,-3040.0,460.0,-2090.0,-2800.0,-650.0,-2410.0,2760.0,5,1
7267,1082300,0,0,3930.0,-240.0,3430.0,1280.0,1140.0,3930.0,2810.0,1130.0,3430.0,-110.0,600.0,-640.0,2980.0,-350.0,1440.0,630.0,620.0,1630.0,-380.0,1380.0,-640.0,-600.0,-680.0,2490.0,-2820.0,1360.0,2270.0,-240.0,-360.0,-2820.0,1280.0,-1420.0,590.0,-130.0,-1650.0,2770.0,340.0,-10.0,1000.0,-390.0,-1550.0,-1820.0,-290.0,2290.0,380.0,-50.0,-190.0,1510.0,1,4
11739,976700,0,0,1240.0,-1850.0,1740.0,-720.0,1240.0,80.0,560.0,-970.0,-290.0,1740.0,110.0,-1340.0,3390.0,1690.0,-1500.0,-1200.0,-80.0,-1390.0,-50.0,-280.0,-4100.0,-320.0,1040.0,-1350.0,690.0,-1320.0,-1850.0,240.0,2830.0,-960.0,-1440.0,-720.0,-3190.0,130.0,-90.0,950.0,1600.0,-1880.0,-1140.0,-830.0,-1570.0,190.0,-20.0,1460.0,-1230.0,110.0,10.0,1280.0,0,5
1703,2368000,0,0,2200.0,1650.0,1300.0,1690.0,-790.0,-100.0,-1010.0,1550.0,-270.0,-3680.0,1300.0,2410.0,-910.0,2200.0,-1110.0,2980.0,1280.0,560.0,2150.0,-1640.0,2930.0,2310.0,-1660.0,4710.0,2510.0,330.0,-1340.0,-160.0,-120.0,-1420.0,500.0,40.0,1690.0,10.0,700.0,1650.0,1730.0,70.0,20.0,1020.0,1470.0,260.0,710.0,-1060.0,-680.0,130.0,1450.0,-1420.0,9,6
4025,1861000,0,0,1840.0,1610.0,2870.0,2140.0,2870.0,690.0,290.0,960.0,2820.0,3000.0,2790.0,-3450.0,2610.0,80.0,1840.0,2970.0,2170.0,1440.0,2100.0,3040.0,670.0,3340.0,2970.0,470.0,5010.0,3110.0,2140.0,-360.0,1150.0,650.0,810.0,250.0,-1110.0,160.0,3220.0,10.0,1610.0,1180.0,1320.0,1400.0,1900.0,1800.0,-1090.0,10.0,-720.0,1150.0,120.0,610.0,10,0
9422,90300,0,0,2210.0,3170.0,2230.0,1570.0,410.0,2210.0,2800.0,1980.0,210.0,2270.0,2230.0,800.0,-640.0,-2930.0,-780.0,2430.0,1920.0,3080.0,1710.0,3280.0,1480.0,4760.0,950.0,3140.0,450.0,1910.0,460.0,3170.0,1560.0,2380.0,-1190.0,-1920.0,1570.0,2460.0,2030.0,500.0,40.0,2660.0,2330.0,1560.0,2790.0,-1140.0,-210.0,100.0,2480.0,260.0,1260.0,1330.0,1,6
6960,1819400,0,0,1530.0,90.0,2490.0,-1780.0,3400.0,1320.0,-370.0,1530.0,2260.0,2770.0,2490.0,-4010.0,210.0,-170.0,3540.0,2440.0,2690.0,2120.0,980.0,3330.0,1350.0,3500.0,3450.0,-230.0,4980.0,3420.0,140.0,-1340.0,510.0,90.0,80.0,1000.0,-1780.0,-160.0,1810.0,-610.0,-1300.0,210.0,-1130.0,300.0,2050.0,740.0,-960.0,-440.0,-1310.0,280.0,-80.0,240.0,3,6
3622,941800,0,0,800.0,-710.0,510.0,1090.0,-1190.0,1820.0,510.0,3510.0,-1080.0,1300.0,-850.0,800.0,-570.0,-1280.0,1190.0,-1320.0,-340.0,1510.0,-840.0,-1400.0,-340.0,-1240.0,-3350.0,-1210.0,-870.0,,720.0,180.0,1090.0,660.0,3000.0,-1560.0,1470.0,-710.0,-3400.0,-980.0,2310.0,580.0,-870.0,830.0,2140.0,-1220.0,410.0,1500.0,-80.0,-320.0,-2690.0,,7,2
7378,1590100,0,0,1790.0,190.0,1610.0,2520.0,1790.0,990.0,1870.0,-830.0,-770.0,4030.0,400.0,1610.0,1110.0,-1360.0,-890.0,-520.0,-70.0,770.0,-950.0,10.0,-1150.0,-800.0,-1090.0,1680.0,-3300.0,910.0,190.0,-2650.0,-1780.0,2610.0,-2260.0,200.0,-1680.0,2520.0,170.0,-1310.0,180.0,100.0,-1430.0,-320.0,-1860.0,-2580.0,-960.0,1470.0,120.0,-1550.0,-170.0,1290.0,0,7
843,1287900,0,0,3160.0,2990.0,3450.0,1360.0,1800.0,1920.0,3450.0,1270.0,3860.0,0.0,3160.0,410.0,4080.0,-1890.0,3290.0,3950.0,4010.0,4090.0,2790.0,3300.0,5030.0,3600.0,3710.0,3970.0,3320.0,1830.0,2190.0,190.0,1360.0,-710.0,110.0,290.0,2990.0,2280.0,-10.0,360.0,2260.0,740.0,-300.0,0.0,1180.0,-270.0,20.0,2230.0,1450.0,260.0,2980.0,2290.0,6,2
2286,451700,0,0,2180.0,3510.0,2840.0,2150.0,3140.0,80.0,2840.0,-3660.0,750.0,2740.0,1640.0,1060.0,2180.0,3400.0,290.0,3070.0,3150.0,790.0,1600.0,3210.0,3630.0,3680.0,4750.0,3550.0,2140.0,2040.0,290.0,1920.0,2150.0,710.0,2930.0,-1370.0,2290.0,980.0,3510.0,1110.0,410.0,560.0,1820.0,2460.0,490.0,2610.0,200.0,-490.0,170.0,1050.0,1960.0,3010.0,8,2
892,2403200,0,0,-1320.0,10.0,-450.0,-900.0,-40.0,-1320.0,-2390.0,3100.0,-1200.0,-990.0,-3020.0,130.0,-450.0,-2730.0,-970.0,-1570.0,-2130.0,-810.0,-1220.0,-2750.0,-1680.0,-3060.0,-3090.0,-3070.0,-80.0,-4550.0,3000.0,10.0,-240.0,770.0,1990.0,3100.0,1200.0,1660.0,-900.0,2600.0,1060.0,1810.0,940.0,1030.0,30.0,-370.0,2800.0,90.0,2210.0,1120.0,2360.0,170.0,1,8
5227,318500,0,0,3180.0,2810.0,3690.0,3250.0,3680.0,0.0,2470.0,-3460.0,300.0,3900.0,1280.0,1360.0,3690.0,3180.0,660.0,2880.0,3270.0,310.0,1720.0,3730.0,3760.0,3880.0,5010.0,3830.0,2230.0,2800.0,-260.0,1430.0,1640.0,460.0,2560.0,2560.0,2140.0,860.0,3250.0,2810.0,-150.0,1590.0,3070.0,1950.0,680.0,2640.0,1040.0,130.0,170.0,2080.0,2110.0,2900.0,9,8
4348,1367100,0,0,-2550.0,-900.0,-3310.0,-2950.0,-3340.0,3540.0,-350.0,-2420.0,-2140.0,-40.0,-2550.0,-3740.0,-2380.0,-4540.0,-3310.0,-3470.0,-2760.0,-3680.0,-490.0,-2860.0,-2780.0,-3700.0,-3670.0,-4980.0,-3640.0,-3150.0,510.0,-70.0,370.0,-2110.0,330.0,-290.0,-900.0,490.0,1850.0,1480.0,-2950.0,30.0,70.0,-1480.0,430.0,-760.0,1630.0,310.0,1150.0,-20.0,10.0,-1860.0,6,10
9664,2603500,0,0,0.0,-220.0,-960.0,670.0,-4850.0,-1930.0,-960.0,-770.0,80.0,0.0,-810.0,20.0,-1560.0,-1970.0,10.0,950.0,970.0,1290.0,760.0,410.0,1560.0,4450.0,1460.0,1360.0,130.0,-100.0,-70.0,-540.0,670.0,2810.0,-130.0,-220.0,-200.0,-2180.0,-1920.0,770.0,1470.0,40.0,-470.0,1550.0,-210.0,-1710.0,-510.0,-10.0,220.0,-1450.0,1570.0,-850.0,5,2
88,255800,0,0,640.0,2220.0,1110.0,890.0,1110.0,640.0,3080.0,3100.0,1900.0,3460.0,-480.0,3060.0,-2550.0,210.0,3450.0,3410.0,1070.0,3290.0,4440.0,2780.0,2950.0,3370.0,650.0,1920.0,2810.0,2590.0,890.0,2220.0,3290.0,-1320.0,2910.0,1870.0,1300.0,40.0,400.0,110.0,-400.0,540.0,2460.0,40.0,0.0,550.0,2480.0,-510.0,270.0,2660.0,1820.0,-520.0,1,0
916,411200,0,0,-220.0,-1550.0,-30.0,-2740.0,-1410.0,-290.0,-3580.0,-220.0,930.0,1360.0,1270.0,1750.0,-1270.0,-30.0,-140.0,990.0,-190.0,1390.0,-550.0,70.0,370.0,1900.0,1800.0,3610.0,1570.0,10.0,-2170.0,2210.0,-220.0,-1550.0,-3240.0,-1780.0,1470.0,-1270.0,480.0,-2740.0,-380.0,-730.0,-1530.0,-2310.0,-1220.0,-270.0,-2360.0,940.0,-1130.0,-260.0,-510.0,1910.0,3,9
1970,2457800,0,0,1960.0,1180.0,2510.0,1500.0,490.0,2960.0,650.0,3570.0,3410.0,1960.0,110.0,2510.0,-2170.0,-20.0,3250.0,3470.0,2630.0,3600.0,2300.0,4720.0,1410.0,2630.0,1750.0,3600.0,170.0,3470.0,-230.0,-250.0,-1740.0,-1800.0,540.0,1180.0,410.0,1500.0,60.0,-860.0,-2270.0,850.0,520.0,-510.0,1300.0,20.0,100.0,-650.0,-2250.0,90.0,-1050.0,-1450.0,5,7
5637,831400,0,0,-2220.0,630.0,-30.0,140.0,-2220.0,-150.0,-2450.0,600.0,-930.0,-4200.0,-30.0,-2190.0,-830.0,1570.0,2120.0,790.0,720.0,-480.0,2110.0,-430.0,2610.0,1350.0,2110.0,-1910.0,3860.0,-2590.0,630.0,2090.0,1270.0,-1380.0,2380.0,110.0,140.0,-810.0,1150.0,2100.0,570.0,1320.0,-20.0,-2180.0,2080.0,1690.0,1250.0,-2300.0,-680.0,2200.0,140.0,610.0,0,6
6290,718700,0,0,340.0,3460.0,-880.0,3420.0,340.0,-270.0,-1760.0,-1500.0,-880.0,1250.0,540.0,-1990.0,3180.0,1900.0,-1910.0,-2260.0,-4780.0,-1650.0,-810.0,-1280.0,-2110.0,-70.0,-1920.0,-1420.0,1340.0,-190.0,3460.0,950.0,2810.0,1930.0,3420.0,560.0,-2130.0,1200.0,1280.0,2490.0,-1950.0,1720.0,220.0,2160.0,1030.0,-650.0,-740.0,3270.0,1070.0,3090.0,2150.0,1510.0,0,4
11784,1675600,0,0,1400.0,-230.0,50.0,-630.0,710.0,50.0,1110.0,-1310.0,130.0,-1690.0,1560.0,3550.0,1400.0,730.0,-1150.0,-4260.0,960.0,-1780.0,-670.0,-1610.0,1000.0,-240.0,670.0,-1430.0,-1720.0,230.0,-640.0,-630.0,1190.0,-2840.0,-1170.0,-1090.0,-1030.0,-30.0,-230.0,-2190.0,1560.0,-160.0,60.0,-1380.0,-290.0,960.0,-800.0,-1310.0,-2610.0,-2260.0,-610.0,740.0,8,1
2701,1226200,0,0,-200.0,-570.0,530.0,1340.0,150.0,-960.0,-200.0,530.0,-120.0,1120.0,-1060.0,970.0,-2230.0,3190.0,-2160.0,-2250.0,-2070.0,-2180.0,-450.0,-860.0,-4430.0,-540.0,-2270.0,-1310.0,180.0,770.0,-2020.0,2630.0,-570.0,1340.0,-1310.0,-320.0,-3270.0,-1940.0,-230.0,-460.0,-1620.0,-1370.0,1340.0,-160.0,-1330.0,1250.0,-190.0,-460.0,-1970.0,-1570.0,-240.0,-1840.0,2,3
4330,1100,0,0,-190.0,0.0,2220.0,10.0,80.0,670.0,1430.0,-160.0,-190.0,-320.0,-10.0,2220.0,4370.0,1990.0,80.0,-2130.0,-1920.0,-4920.0,-1130.0,-120.0,0.0,-1100.0,180.0,-2140.0,-1670.0,-1510.0,200.0,-410.0,-1380.0,3170.0,0.0,-890.0,2890.0,10.0,-10.0,1210.0,1610.0,80.0,2770.0,40.0,80.0,-1670.0,940.0,1970.0,-660.0,1380.0,-1010.0,1280.0,4,7
6383,1155800,0,0,780.0,30.0,630.0,1610.0,1740.0,630.0,-340.0,1350.0,3480.0,780.0,-400.0,470.0,-1970.0,290.0,-1280.0,-800.0,-250.0,-1790.0,-350.0,-1770.0,-80.0,-1990.0,170.0,-3860.0,-1730.0,150.0,640.0,1610.0,-2200.0,-700.0,-100.0,30.0,2340.0,-2140.0,180.0,-760.0,-1570.0,-1330.0,1320.0,1460.0,1840.0,-1580.0,-210.0,150.0,430.0,-10.0,-500.0,-1750.0,5,1
10951,1519200,0,0,-1280.0,3050.0,270.0,510.0,-1280.0,-3010.0,-2060.0,-2260.0,-3420.0,210.0,-1040.0,270.0,-3520.0,1840.0,-3420.0,-3620.0,-5070.0,-2180.0,-3430.0,-3450.0,-2250.0,-1630.0,-820.0,-3490.0,-2200.0,-2780.0,3050.0,1690.0,3290.0,2210.0,2810.0,2520.0,20.0,510.0,170.0,660.0,-400.0,-400.0,-30.0,1840.0,2600.0,290.0,3040.0,2900.0,1630.0,1070.0,-130.0,1960.0,0,7
8013,1192200,0,0,1100.0,-1710.0,1410.0,-2350.0,1570.0,1100.0,1580.0,-580.0,3800.0,-290.0,330.0,240.0,2070.0,-1110.0,1410.0,-390.0,940.0,-70.0,1120.0,2150.0,-980.0,-1170.0,3490.0,-3330.0,-1120.0,1230.0,900.0,-1710.0,-50.0,2250.0,-30.0,-1350.0,210.0,-3040.0,-1040.0,150.0,-2350.0,-1490.0,-1690.0,-2600.0,-2050.0,-2070.0,-50.0,910.0,-510.0,-310.0,-890.0,800.0,1,10
8544,1785100,0,0,1730.0,-1550.0,-870.0,-2130.0,1630.0,530.0,1730.0,-890.0,-870.0,3920.0,-70.0,1380.0,470.0,-1710.0,-1210.0,-1250.0,-200.0,1310.0,-1120.0,350.0,-1540.0,-1310.0,-1580.0,970.0,-3490.0,340.0,750.0,-2170.0,-1550.0,2260.0,-2130.0,-500.0,230.0,2070.0,-1070.0,-620.0,1340.0,740.0,-1150.0,-1340.0,-1770.0,-2000.0,-830.0,1710.0,30.0,-120.0,-250.0,1150.0,2,4
10379,1018800,0,0,-320.0,1200.0,-640.0,-190.0,810.0,500.0,90.0,1840.0,1090.0,1240.0,-320.0,2110.0,-2640.0,-640.0,1860.0,120.0,4560.0,2150.0,770.0,1360.0,2100.0,1310.0,580.0,2360.0,1090.0,1830.0,-500.0,2520.0,-2450.0,490.0,490.0,1790.0,1200.0,3360.0,350.0,-190.0,-2430.0,1040.0,0.0,670.0,-1170.0,1530.0,-40.0,-90.0,320.0,2530.0,2380.0,-1460.0,6,9
3954,43200,0,0,-1050.0,-2410.0,-1000.0,-1900.0,-660.0,140.0,-40.0,-1050.0,740.0,-1000.0,-1520.0,-1800.0,1530.0,-3710.0,970.0,290.0,-890.0,1900.0,4160.0,140.0,-290.0,940.0,-980.0,920.0,1700.0,-480.0,-1570.0,-770.0,-2440.0,-2410.0,-1970.0,-1900.0,500.0,-1250.0,-2020.0,-830.0,60.0,-2780.0,-2250.0,-2040.0,-420.0,-930.0,-2570.0,-1990.0,1150.0,1410.0,-110.0,-1190.0,3,5
3347,2284100,0,0,1330.0,-2080.0,1440.0,-1050.0,1120.0,1440.0,1350.0,2430.0,380.0,0.0,4700.0,-970.0,2220.0,-930.0,1330.0,-20.0,510.0,2460.0,760.0,700.0,-340.0,1160.0,-900.0,-1220.0,-3520.0,-1210.0,2530.0,-1050.0,-2810.0,800.0,-3210.0,810.0,-360.0,-2190.0,-1840.0,670.0,-2080.0,-1510.0,-660.0,-760.0,480.0,-2410.0,-2440.0,-1230.0,1130.0,200.0,-280.0,-1530.0,10,1
4431,107400,0,0,-1460.0,-2890.0,-2270.0,-2220.0,-600.0,-2270.0,-1460.0,-450.0,-1410.0,-2610.0,620.0,220.0,-3030.0,2830.0,-2800.0,-940.0,-3000.0,-4410.0,-2250.0,-2690.0,-2990.0,150.0,-1890.0,-3290.0,-2120.0,-880.0,-2060.0,-2220.0,-2890.0,620.0,-1790.0,-3290.0,-780.0,-2290.0,-500.0,-610.0,730.0,-1830.0,-2180.0,-330.0,-3000.0,-2400.0,400.0,-2050.0,-2670.0,-690.0,-1770.0,490.0,2,1
11360,136800,0,0,-1270.0,-1820.0,-1870.0,-1940.0,760.0,-1270.0,750.0,-1630.0,-10.0,4270.0,-1120.0,-1870.0,380.0,-1770.0,350.0,-1450.0,-1480.0,-2100.0,-140.0,-20.0,-2320.0,-1960.0,560.0,-4420.0,-2310.0,-80.0,1120.0,-1820.0,-580.0,-2960.0,-770.0,-10.0,410.0,-1940.0,-1610.0,-630.0,-2450.0,-1650.0,-750.0,-2410.0,-1510.0,-2660.0,-240.0,1100.0,-1110.0,-190.0,-1370.0,1150.0,1,7
1100,473700,0,0,1310.0,-190.0,3320.0,10.0,1320.0,-510.0,-1500.0,3320.0,-840.0,-500.0,-1930.0,1310.0,530.0,-1900.0,40.0,-860.0,-1280.0,790.0,-1420.0,-1770.0,-460.0,-1970.0,-2130.0,-2120.0,-30.0,-4130.0,1930.0,2370.0,-740.0,10.0,-110.0,2920.0,890.0,-190.0,-2310.0,2880.0,470.0,30.0,1550.0,-190.0,2450.0,-880.0,-1390.0,-340.0,2600.0,640.0,1190.0,0.0,7,3
6222,1340100,0,0,1350.0,2810.0,1360.0,1580.0,3090.0,190.0,1150.0,4250.0,1360.0,1350.0,-800.0,2760.0,2370.0,-360.0,1920.0,-50.0,140.0,800.0,2460.0,-440.0,1770.0,-1230.0,-450.0,-1100.0,3210.0,-3210.0,1480.0,940.0,-1370.0,220.0,1580.0,2810.0,220.0,80.0,-880.0,3370.0,620.0,800.0,1940.0,-590.0,880.0,-940.0,-330.0,170.0,2790.0,1080.0,480.0,470.0,5,4
3309,557300,0,0,2580.0,-3240.0,1460.0,-820.0,1460.0,1620.0,2580.0,3360.0,1880.0,2330.0,100.0,2460.0,-2050.0,930.0,2950.0,1640.0,4890.0,3410.0,2800.0,2780.0,3430.0,2530.0,2060.0,2870.0,2760.0,3020.0,-820.0,800.0,-3240.0,-760.0,-3360.0,380.0,-670.0,2540.0,-450.0,-1920.0,-3010.0,-540.0,-140.0,-330.0,-3130.0,-760.0,-700.0,-2870.0,-2660.0,540.0,1410.0,-2510.0,2,0
4084,678500,0,0,-1130.0,-2520.0,-3740.0,-950.0,-1130.0,10.0,-910.0,1530.0,290.0,1470.0,-1720.0,1660.0,-3740.0,-1770.0,1030.0,1670.0,60.0,1640.0,4170.0,1190.0,1630.0,310.0,-810.0,-620.0,1340.0,-1570.0,-2520.0,220.0,1640.0,340.0,-3060.0,2000.0,-160.0,-670.0,-950.0,-1570.0,-2340.0,80.0,-420.0,-1560.0,-220.0,-1610.0,1380.0,-3020.0,-2600.0,1210.0,-650.0,-1540.0,0,8
10495,1437700,0,0,-2440.0,-3480.0,-440.0,-2980.0,-2440.0,-1280.0,-970.0,-130.0,-2440.0,-1090.0,-3050.0,-2630.0,-3100.0,-440.0,-4680.0,380.0,-1060.0,-1140.0,3370.0,-2180.0,350.0,-2790.0,200.0,-320.0,-1490.0,-730.0,-2520.0,-890.0,-2160.0,2130.0,-3480.0,-3270.0,-2450.0,860.0,-780.0,-2980.0,-660.0,-1570.0,-1450.0,-3130.0,-620.0,-2470.0,-50.0,-2420.0,-2710.0,-3050.0,-680.0,-2240.0,4,9
11908,62300,0,0,3160.0,3310.0,2060.0,2990.0,5040.0,2450.0,3980.0,3260.0,3680.0,3110.0,3160.0,2060.0,3880.0,3720.0,2710.0,2370.0,2370.0,2830.0,1320.0,3320.0,1960.0,-1810.0,490.0,3540.0,3260.0,3230.0,240.0,1730.0,700.0,1170.0,-740.0,2360.0,3310.0,2990.0,2420.0,170.0,130.0,1970.0,590.0,3390.0,-530.0,500.0,2970.0,840.0,1770.0,2790.0,3150.0,-620.0,6,7
7432,847800,0,0,-500.0,2440.0,-1410.0,560.0,-970.0,180.0,880.0,-500.0,-520.0,890.0,-1730.0,-680.0,750.0,-3830.0,-1410.0,260.0,440.0,1410.0,-860.0,-1570.0,-110.0,4660.0,1580.0,1230.0,290.0,-50.0,2070.0,2160.0,3280.0,2440.0,-1300.0,-120.0,2510.0,3050.0,1670.0,990.0,560.0,1120.0,2680.0,1700.0,1910.0,2260.0,3040.0,-90.0,100.0,2960.0,2200.0,2100.0,3,10
10165,1884500,0,0,600.0,980.0,1940.0,2890.0,-440.0,600.0,1410.0,-540.0,1940.0,-1100.0,-1110.0,1720.0,-3480.0,-640.0,2380.0,780.0,2180.0,2320.0,-1010.0,540.0,-240.0,-390.0,4660.0,2160.0,1520.0,2330.0,240.0,980.0,280.0,-1410.0,2890.0,880.0,1830.0,-590.0,10.0,-240.0,-300.0,970.0,1950.0,-290.0,1230.0,1050.0,-1570.0,1970.0,-30.0,-790.0,140.0,510.0,1,4
10698,58300,0,0,-1100.0,-2610.0,-2930.0,-620.0,-2510.0,-1050.0,1010.0,-2920.0,-2930.0,-1750.0,3890.0,-1100.0,-80.0,590.0,-1880.0,-1910.0,-2120.0,-660.0,-1780.0,-2550.0,-1490.0,-3120.0,-2870.0,420.0,-4590.0,-3190.0,-3420.0,1580.0,-1190.0,-320.0,-620.0,-2060.0,-190.0,-2610.0,-1710.0,440.0,1010.0,-1880.0,-120.0,-1370.0,1460.0,-2510.0,-2520.0,20.0,670.0,330.0,-250.0,-890.0,7,4
7094,526200,0,0,1730.0,-2640.0,1070.0,-3290.0,170.0,4640.0,2860.0,1070.0,1680.0,2590.0,1690.0,-550.0,2260.0,700.0,1730.0,200.0,820.0,430.0,1630.0,1320.0,2560.0,-510.0,-120.0,-2800.0,-520.0,2550.0,-130.0,-370.0,-250.0,-3290.0,30.0,-1060.0,-2020.0,-1050.0,1840.0,2270.0,-2640.0,-1410.0,-140.0,-3040.0,-2150.0,-1660.0,180.0,-270.0,1380.0,-520.0,-1100.0,-1400.0,10,3
830,1543600,0,0,3210.0,270.0,2660.0,620.0,880.0,2870.0,1720.0,3510.0,3050.0,2660.0,1990.0,790.0,-2030.0,370.0,3210.0,3380.0,3590.0,5060.0,2850.0,2670.0,2190.0,2620.0,1610.0,3470.0,2820.0,2750.0,-510.0,200.0,1780.0,-480.0,-80.0,620.0,-2040.0,660.0,-50.0,-270.0,270.0,500.0,-460.0,20.0,-390.0,640.0,-180.0,-1560.0,500.0,-120.0,1360.0,230.0,10,5
10092,192000,0,0,-950.0,-220.0,230.0,2210.0,-4570.0,760.0,-2860.0,-1970.0,-2580.0,-950.0,-600.0,230.0,-1950.0,-2670.0,-1460.0,-90.0,-1450.0,100.0,-2170.0,-3190.0,780.0,3160.0,630.0,-2810.0,-2120.0,-3540.0,-110.0,-2100.0,-10.0,80.0,1220.0,-220.0,-2790.0,2210.0,-1230.0,240.0,1060.0,-220.0,480.0,-2080.0,1270.0,-1220.0,-1100.0,-200.0,870.0,-80.0,-200.0,540.0,5,7
3925,602700,0,0,770.0,1530.0,-470.0,3150.0,370.0,-1550.0,1240.0,3960.0,-140.0,-1250.0,180.0,-1150.0,-470.0,770.0,-320.0,570.0,-250.0,-320.0,-1620.0,-160.0,-1710.0,-1270.0,-1660.0,1150.0,-3690.0,170.0,-2090.0,-50.0,-390.0,230.0,910.0,-1500.0,180.0,1590.0,3150.0,1530.0,540.0,1450.0,1420.0,-1780.0,-1270.0,50.0,-80.0,2040.0,1000.0,70.0,360.0,2130.0,9,8
9242,1115700,0,0,3000.0,670.0,2070.0,2370.0,1080.0,790.0,2070.0,-790.0,-80.0,-270.0,2870.0,4020.0,3000.0,1940.0,320.0,1330.0,-4090.0,-790.0,840.0,0.0,-90.0,-760.0,1370.0,1370.0,80.0,-400.0,-300.0,-1220.0,2370.0,-770.0,1210.0,50.0,-1710.0,-250.0,670.0,-2900.0,-2730.0,-1080.0,-110.0,-770.0,1550.0,620.0,-1000.0,70.0,-190.0,-2580.0,-2840.0,1180.0,8,2
10394,1726500,0,0,240.0,1720.0,1170.0,-1110.0,-2130.0,1060.0,-600.0,3920.0,-1480.0,1170.0,-2060.0,240.0,-730.0,-1940.0,20.0,-1940.0,-1100.0,-810.0,-2130.0,-60.0,-1980.0,-3980.0,-1920.0,-1580.0,-120.0,,80.0,1010.0,290.0,-10.0,3350.0,-1110.0,-1320.0,1720.0,-3050.0,1730.0,2970.0,1430.0,570.0,2570.0,-770.0,1730.0,2410.0,260.0,210.0,-1790.0,-260.0,,7,5
4090,2438300,0,0,-350.0,-340.0,1080.0,-790.0,-340.0,-350.0,150.0,-1240.0,1080.0,710.0,-1970.0,3210.0,1160.0,-1600.0,-1350.0,-1990.0,-4650.0,-850.0,-1950.0,610.0,-1990.0,-520.0,-1600.0,-660.0,440.0,-420.0,510.0,-340.0,1540.0,1340.0,-790.0,-1420.0,630.0,340.0,620.0,-940.0,2120.0,950.0,-80.0,1300.0,-1760.0,-2530.0,-270.0,-660.0,2320.0,410.0,80.0,1780.0,1,4
2316,596600,0,0,-2230.0,290.0,-2240.0,2040.0,-3360.0,-3230.0,-4950.0,-2730.0,-1250.0,-690.0,-2240.0,340.0,-3100.0,-2590.0,-2230.0,-680.0,-3220.0,0.0,-2080.0,-1540.0,-2950.0,-2500.0,490.0,2640.0,440.0,-3040.0,20.0,1270.0,110.0,620.0,-770.0,580.0,2040.0,-1040.0,680.0,-1020.0,290.0,840.0,240.0,-1350.0,680.0,-1080.0,-1260.0,2200.0,-430.0,100.0,700.0,1110.0,10,6
10621,2711800,0,0,-1460.0,-2660.0,-2370.0,-1290.0,1380.0,-2370.0,820.0,-4400.0,-1390.0,780.0,-580.0,-300.0,720.0,1290.0,-1460.0,30.0,480.0,-530.0,-970.0,1350.0,1440.0,1120.0,3440.0,1430.0,60.0,230.0,-1490.0,-1290.0,1510.0,-360.0,550.0,-3270.0,900.0,-1170.0,3260.0,-210.0,-2660.0,-1310.0,-20.0,-850.0,-2680.0,1230.0,-1440.0,-2650.0,-420.0,-320.0,-30.0,1890.0,10,1
10489,1290900,0,0,4180.0,1460.0,3330.0,1510.0,970.0,2920.0,-420.0,820.0,2160.0,2940.0,2280.0,4180.0,3330.0,1160.0,850.0,-840.0,270.0,1130.0,-3790.0,-420.0,2840.0,320.0,750.0,2010.0,1910.0,-20.0,1030.0,1810.0,1420.0,-640.0,3030.0,330.0,-1470.0,1460.0,1510.0,2160.0,2990.0,30.0,3480.0,1740.0,320.0,1590.0,-400.0,1590.0,90.0,2910.0,2480.0,-730.0,7,8
4507,2108400,0,0,0.0,-130.0,-1760.0,560.0,-1780.0,-790.0,-1780.0,40.0,-1040.0,-3940.0,-420.0,0.0,-1760.0,60.0,-1370.0,1090.0,950.0,1320.0,720.0,260.0,1680.0,1460.0,-20.0,4600.0,1660.0,390.0,-1930.0,-530.0,-430.0,-2150.0,380.0,20.0,1350.0,-130.0,560.0,130.0,1830.0,-580.0,-320.0,1000.0,530.0,1240.0,-470.0,-1680.0,-700.0,0.0,270.0,-1880.0,7,8
4833,1151500,0,0,1470.0,-2860.0,600.0,-3450.0,-320.0,-340.0,720.0,-1340.0,-730.0,600.0,230.0,-4150.0,1470.0,-1620.0,2090.0,1640.0,400.0,-1220.0,10.0,2050.0,-60.0,210.0,1120.0,2530.0,4430.0,2270.0,-3600.0,-1260.0,360.0,-2130.0,850.0,-3450.0,-2620.0,-400.0,-2860.0,-890.0,-1170.0,-3210.0,-2420.0,-2070.0,-3020.0,-200.0,-380.0,-1340.0,-3530.0,-1950.0,-380.0,-1100.0,8,5
6117,2659100,0,0,230.0,-2510.0,-420.0,-1890.0,-100.0,230.0,-1000.0,1640.0,-920.0,-1500.0,4020.0,-2420.0,2030.0,-2200.0,-420.0,-2040.0,-990.0,110.0,-1160.0,-1600.0,-550.0,-300.0,-2350.0,-2400.0,-4330.0,-2350.0,2280.0,-2510.0,-2470.0,820.0,-3380.0,-100.0,-320.0,-590.0,-1260.0,180.0,-1890.0,-1420.0,-1390.0,-730.0,200.0,-2310.0,-2960.0,-2570.0,420.0,-10.0,-200.0,-710.0,1,10
2197,386200,0,0,1470.0,-1720.0,970.0,-2870.0,-4120.0,1470.0,-610.0,300.0,-370.0,390.0,970.0,3000.0,-510.0,-670.0,2000.0,1430.0,1040.0,1480.0,1690.0,450.0,2150.0,4370.0,2180.0,760.0,-500.0,-400.0,-150.0,-1720.0,-1210.0,-250.0,1030.0,-1510.0,-2870.0,-960.0,-1820.0,-170.0,-780.0,-1550.0,-240.0,-2200.0,1230.0,-770.0,-1280.0,-360.0,-620.0,-1260.0,-1500.0,2780.0,1,6
5324,1258400,0,0,40.0,-50.0,380.0,50.0,80.0,350.0,-460.0,2150.0,380.0,1820.0,1880.0,40.0,930.0,-2450.0,970.0,2140.0,2070.0,1200.0,2050.0,470.0,4430.0,1870.0,1060.0,930.0,440.0,1750.0,-2830.0,2020.0,890.0,1110.0,50.0,1810.0,-2970.0,-50.0,3030.0,30.0,-830.0,430.0,1470.0,380.0,-1960.0,600.0,-10.0,-360.0,1740.0,-430.0,-1380.0,-1100.0,7,4
11151,2127000,0,0,3880.0,3560.0,4840.0,3220.0,2410.0,3640.0,3170.0,2220.0,2090.0,300.0,3880.0,1020.0,4610.0,-1670.0,4840.0,3860.0,1200.0,4450.0,5030.0,4150.0,3100.0,3630.0,4300.0,4580.0,4410.0,2920.0,2490.0,1910.0,-1860.0,-110.0,1290.0,270.0,3560.0,1790.0,550.0,790.0,3220.0,-760.0,1640.0,340.0,390.0,1730.0,330.0,690.0,2810.0,2640.0,1180.0,2360.0,6,10
6713,1721700,0,0,-20.0,2480.0,-1460.0,3390.0,-2030.0,1130.0,-270.0,3950.0,-1460.0,1550.0,-1740.0,300.0,-50.0,-2010.0,-20.0,-1920.0,-640.0,-1360.0,-2040.0,-860.0,-1960.0,-4020.0,-2040.0,-1010.0,-130.0,,-200.0,930.0,220.0,30.0,3390.0,-950.0,-1280.0,1580.0,-3110.0,1600.0,2480.0,1440.0,400.0,2470.0,-920.0,1720.0,2520.0,440.0,150.0,-1590.0,-390.0,,10,4
